"No.","Time","Source","Destination","Protocol","Length","Info"
"1210","639.826534","81:0a:b7:00:1d:bc (Air5(ID-1DBC))","SamsungElect_dd:c6:25 (A14 de Walter)","ATT","20","Rcvd Handle Value Notification, Handle: 0x0014 (Unknown: Unknown)"
"1214","639.916238","81:0a:b7:00:1d:bc (Air5(ID-1DBC))","SamsungElect_dd:c6:25 (A14 de Walter)","ATT","28","Rcvd Handle Value Notification, Handle: 0x0014 (Unknown: Unknown)"
"1217","640.275557","81:0a:b7:00:1d:bc (Air5(ID-1DBC))","SamsungElect_dd:c6:25 (A14 de Walter)","ATT","43","Rcvd Handle Value Notification, Handle: 0x001a (Unknown: Unknown)"
"1221","640.367219","81:0a:b7:00:1d:bc (Air5(ID-1DBC))","SamsungElect_dd:c6:25 (A14 de Walter)","ATT","14","Rcvd Handle Value Notification, Handle: 0x0014 (Unknown: Unknown)"
"1225","640.466875","81:0a:b7:00:1d:bc (Air5(ID-1DBC))","SamsungElect_dd:c6:25 (A14 de Walter)","ATT","32","Rcvd Handle Value Notification, Handle: 0x0014 (Unknown: Unknown)"
"1229","640.546323","81:0a:b7:00:1d:bc (Air5(ID-1DBC))","SamsungElect_dd:c6:25 (A14 de Walter)","ATT","32","Rcvd Handle Value Notification, Handle: 0x0014 (Unknown: Unknown)"
"1233","640.636157","81:0a:b7:00:1d:bc (Air5(ID-1DBC))","SamsungElect_dd:c6:25 (A14 de Walter)","ATT","32","Rcvd Handle Value Notification, Handle: 0x0014 (Unknown: Unknown)"
"1237","640.815625","81:0a:b7:00:1d:bc (Air5(ID-1DBC))","SamsungElect_dd:c6:25 (A14 de Walter)","ATT","13","Rcvd Handle Value Notification, Handle: 0x0014 (Unknown: Unknown)"
"1241","640.906284","81:0a:b7:00:1d:bc (Air5(ID-1DBC))","SamsungElect_dd:c6:25 (A14 de Walter)","ATT","14","Rcvd Handle Value Notification, Handle: 0x0014 (Unknown: Unknown)"
"1247","640.996209","81:0a:b7:00:1d:bc (Air5(ID-1DBC))","SamsungElect_dd:c6:25 (A14 de Walter)","ATT","32","Rcvd Handle Value Notification, Handle: 0x0014 (Unknown: Unknown)"
"1251","641.265757","81:0a:b7:00:1d:bc (Air5(ID-1DBC))","SamsungElect_dd:c6:25 (A14 de Walter)","ATT","30","Rcvd Handle Value Notification, Handle: 0x0014 (Unknown: Unknown)"
"1252","641.310513","81:0a:b7:00:1d:bc (Air5(ID-1DBC))","SamsungElect_dd:c6:25 (A14 de Walter)","ATT","30","Rcvd Handle Value Notification, Handle: 0x0014 (Unknown: Unknown)"
"1253","641.400559","81:0a:b7:00:1d:bc (Air5(ID-1DBC))","SamsungElect_dd:c6:25 (A14 de Walter)","ATT","30","Rcvd Handle Value Notification, Handle: 0x0014 (Unknown: Unknown)"
"1254","641.445511","81:0a:b7:00:1d:bc (Air5(ID-1DBC))","SamsungElect_dd:c6:25 (A14 de Walter)","ATT","30","Rcvd Handle Value Notification, Handle: 0x0014 (Unknown: Unknown)"
"1255","641.535568","81:0a:b7:00:1d:bc (Air5(ID-1DBC))","SamsungElect_dd:c6:25 (A14 de Walter)","ATT","30","Rcvd Handle Value Notification, Handle: 0x0014 (Unknown: Unknown)"
"1256","641.625900","81:0a:b7:00:1d:bc (Air5(ID-1DBC))","SamsungElect_dd:c6:25 (A14 de Walter)","ATT","30","Rcvd Handle Value Notification, Handle: 0x0014 (Unknown: Unknown)"
"1257","641.670861","81:0a:b7:00:1d:bc (Air5(ID-1DBC))","SamsungElect_dd:c6:25 (A14 de Walter)","ATT","30","Rcvd Handle Value Notification, Handle: 0x0014 (Unknown: Unknown)"
"1258","641.760741","81:0a:b7:00:1d:bc (Air5(ID-1DBC))","SamsungElect_dd:c6:25 (A14 de Walter)","ATT","30","Rcvd Handle Value Notification, Handle: 0x0014 (Unknown: Unknown)"
"1259","641.805680","81:0a:b7:00:1d:bc (Air5(ID-1DBC))","SamsungElect_dd:c6:25 (A14 de Walter)","ATT","30","Rcvd Handle Value Notification, Handle: 0x0014 (Unknown: Unknown)"
"1260","641.895700","81:0a:b7:00:1d:bc (Air5(ID-1DBC))","SamsungElect_dd:c6:25 (A14 de Walter)","ATT","30","Rcvd Handle Value Notification, Handle: 0x0014 (Unknown: Unknown)"
"1261","641.940552","81:0a:b7:00:1d:bc (Air5(ID-1DBC))","SamsungElect_dd:c6:25 (A14 de Walter)","ATT","30","Rcvd Handle Value Notification, Handle: 0x0014 (Unknown: Unknown)"
"1262","642.030548","81:0a:b7:00:1d:bc (Air5(ID-1DBC))","SamsungElect_dd:c6:25 (A14 de Walter)","ATT","30","Rcvd Handle Value Notification, Handle: 0x0014 (Unknown: Unknown)"
"1283","642.120553","81:0a:b7:00:1d:bc (Air5(ID-1DBC))","SamsungElect_dd:c6:25 (A14 de Walter)","ATT","30","Rcvd Handle Value Notification, Handle: 0x0014 (Unknown: Unknown)"
"1284","642.165641","81:0a:b7:00:1d:bc (Air5(ID-1DBC))","SamsungElect_dd:c6:25 (A14 de Walter)","ATT","30","Rcvd Handle Value Notification, Handle: 0x0014 (Unknown: Unknown)"
"1285","642.255558","81:0a:b7:00:1d:bc (Air5(ID-1DBC))","SamsungElect_dd:c6:25 (A14 de Walter)","ATT","30","Rcvd Handle Value Notification, Handle: 0x0014 (Unknown: Unknown)"
"1286","642.300508","81:0a:b7:00:1d:bc (Air5(ID-1DBC))","SamsungElect_dd:c6:25 (A14 de Walter)","ATT","30","Rcvd Handle Value Notification, Handle: 0x0014 (Unknown: Unknown)"
"1287","642.390564","81:0a:b7:00:1d:bc (Air5(ID-1DBC))","SamsungElect_dd:c6:25 (A14 de Walter)","ATT","30","Rcvd Handle Value Notification, Handle: 0x0014 (Unknown: Unknown)"
"1288","642.480777","81:0a:b7:00:1d:bc (Air5(ID-1DBC))","SamsungElect_dd:c6:25 (A14 de Walter)","ATT","30","Rcvd Handle Value Notification, Handle: 0x0014 (Unknown: Unknown)"
"1289","642.525549","81:0a:b7:00:1d:bc (Air5(ID-1DBC))","SamsungElect_dd:c6:25 (A14 de Walter)","ATT","30","Rcvd Handle Value Notification, Handle: 0x0014 (Unknown: Unknown)"
"1290","642.615560","81:0a:b7:00:1d:bc (Air5(ID-1DBC))","SamsungElect_dd:c6:25 (A14 de Walter)","ATT","30","Rcvd Handle Value Notification, Handle: 0x0014 (Unknown: Unknown)"
"1291","642.660638","81:0a:b7:00:1d:bc (Air5(ID-1DBC))","SamsungElect_dd:c6:25 (A14 de Walter)","ATT","30","Rcvd Handle Value Notification, Handle: 0x0014 (Unknown: Unknown)"
"1292","642.750599","81:0a:b7:00:1d:bc (Air5(ID-1DBC))","SamsungElect_dd:c6:25 (A14 de Walter)","ATT","30","Rcvd Handle Value Notification, Handle: 0x0014 (Unknown: Unknown)"
"1293","642.798042","81:0a:b7:00:1d:bc (Air5(ID-1DBC))","SamsungElect_dd:c6:25 (A14 de Walter)","ATT","30","Rcvd Handle Value Notification, Handle: 0x0014 (Unknown: Unknown)"
"1294","642.885808","81:0a:b7:00:1d:bc (Air5(ID-1DBC))","SamsungElect_dd:c6:25 (A14 de Walter)","ATT","30","Rcvd Handle Value Notification, Handle: 0x0014 (Unknown: Unknown)"
"1295","642.930541","81:0a:b7:00:1d:bc (Air5(ID-1DBC))","SamsungElect_dd:c6:25 (A14 de Walter)","ATT","30","Rcvd Handle Value Notification, Handle: 0x0014 (Unknown: Unknown)"
"1296","643.020918","81:0a:b7:00:1d:bc (Air5(ID-1DBC))","SamsungElect_dd:c6:25 (A14 de Walter)","ATT","30","Rcvd Handle Value Notification, Handle: 0x0014 (Unknown: Unknown)"
"1297","643.066647","81:0a:b7:00:1d:bc (Air5(ID-1DBC))","SamsungElect_dd:c6:25 (A14 de Walter)","ATT","30","Rcvd Handle Value Notification, Handle: 0x0014 (Unknown: Unknown)"
"1298","643.155549","81:0a:b7:00:1d:bc (Air5(ID-1DBC))","SamsungElect_dd:c6:25 (A14 de Walter)","ATT","30","Rcvd Handle Value Notification, Handle: 0x0014 (Unknown: Unknown)"
"1299","643.245687","81:0a:b7:00:1d:bc (Air5(ID-1DBC))","SamsungElect_dd:c6:25 (A14 de Walter)","ATT","30","Rcvd Handle Value Notification, Handle: 0x0014 (Unknown: Unknown)"
"1300","643.290762","81:0a:b7:00:1d:bc (Air5(ID-1DBC))","SamsungElect_dd:c6:25 (A14 de Walter)","ATT","30","Rcvd Handle Value Notification, Handle: 0x0014 (Unknown: Unknown)"
"1301","643.380905","81:0a:b7:00:1d:bc (Air5(ID-1DBC))","SamsungElect_dd:c6:25 (A14 de Walter)","ATT","30","Rcvd Handle Value Notification, Handle: 0x0014 (Unknown: Unknown)"
"1302","643.425546","81:0a:b7:00:1d:bc (Air5(ID-1DBC))","SamsungElect_dd:c6:25 (A14 de Walter)","ATT","30","Rcvd Handle Value Notification, Handle: 0x0014 (Unknown: Unknown)"
"1303","643.515586","81:0a:b7:00:1d:bc (Air5(ID-1DBC))","SamsungElect_dd:c6:25 (A14 de Walter)","ATT","30","Rcvd Handle Value Notification, Handle: 0x0014 (Unknown: Unknown)"
"1304","643.560580","81:0a:b7:00:1d:bc (Air5(ID-1DBC))","SamsungElect_dd:c6:25 (A14 de Walter)","ATT","30","Rcvd Handle Value Notification, Handle: 0x0014 (Unknown: Unknown)"
"1305","643.650569","81:0a:b7:00:1d:bc (Air5(ID-1DBC))","SamsungElect_dd:c6:25 (A14 de Walter)","ATT","30","Rcvd Handle Value Notification, Handle: 0x0014 (Unknown: Unknown)"
"1306","643.695772","81:0a:b7:00:1d:bc (Air5(ID-1DBC))","SamsungElect_dd:c6:25 (A14 de Walter)","ATT","30","Rcvd Handle Value Notification, Handle: 0x0014 (Unknown: Unknown)"
"1307","643.785648","81:0a:b7:00:1d:bc (Air5(ID-1DBC))","SamsungElect_dd:c6:25 (A14 de Walter)","ATT","30","Rcvd Handle Value Notification, Handle: 0x0014 (Unknown: Unknown)"
"1308","643.875550","81:0a:b7:00:1d:bc (Air5(ID-1DBC))","SamsungElect_dd:c6:25 (A14 de Walter)","ATT","30","Rcvd Handle Value Notification, Handle: 0x0014 (Unknown: Unknown)"
"1309","643.920579","81:0a:b7:00:1d:bc (Air5(ID-1DBC))","SamsungElect_dd:c6:25 (A14 de Walter)","ATT","30","Rcvd Handle Value Notification, Handle: 0x0014 (Unknown: Unknown)"
"1310","644.010457","81:0a:b7:00:1d:bc (Air5(ID-1DBC))","SamsungElect_dd:c6:25 (A14 de Walter)","ATT","30","Rcvd Handle Value Notification, Handle: 0x0014 (Unknown: Unknown)"
"1311","644.055503","81:0a:b7:00:1d:bc (Air5(ID-1DBC))","SamsungElect_dd:c6:25 (A14 de Walter)","ATT","30","Rcvd Handle Value Notification, Handle: 0x0014 (Unknown: Unknown)"
"1312","644.145470","81:0a:b7:00:1d:bc (Air5(ID-1DBC))","SamsungElect_dd:c6:25 (A14 de Walter)","ATT","30","Rcvd Handle Value Notification, Handle: 0x0014 (Unknown: Unknown)"
"1313","644.192901","81:0a:b7:00:1d:bc (Air5(ID-1DBC))","SamsungElect_dd:c6:25 (A14 de Walter)","ATT","30","Rcvd Handle Value Notification, Handle: 0x0014 (Unknown: Unknown)"
"1314","644.280552","81:0a:b7:00:1d:bc (Air5(ID-1DBC))","SamsungElect_dd:c6:25 (A14 de Walter)","ATT","30","Rcvd Handle Value Notification, Handle: 0x0014 (Unknown: Unknown)"
"1315","644.325471","81:0a:b7:00:1d:bc (Air5(ID-1DBC))","SamsungElect_dd:c6:25 (A14 de Walter)","ATT","30","Rcvd Handle Value Notification, Handle: 0x0014 (Unknown: Unknown)"
"1316","644.415526","81:0a:b7:00:1d:bc (Air5(ID-1DBC))","SamsungElect_dd:c6:25 (A14 de Walter)","ATT","30","Rcvd Handle Value Notification, Handle: 0x0014 (Unknown: Unknown)"
"1317","644.505665","81:0a:b7:00:1d:bc (Air5(ID-1DBC))","SamsungElect_dd:c6:25 (A14 de Walter)","ATT","30","Rcvd Handle Value Notification, Handle: 0x0014 (Unknown: Unknown)"
"1318","644.550480","81:0a:b7:00:1d:bc (Air5(ID-1DBC))","SamsungElect_dd:c6:25 (A14 de Walter)","ATT","30","Rcvd Handle Value Notification, Handle: 0x0014 (Unknown: Unknown)"
"1319","644.640521","81:0a:b7:00:1d:bc (Air5(ID-1DBC))","SamsungElect_dd:c6:25 (A14 de Walter)","ATT","30","Rcvd Handle Value Notification, Handle: 0x0014 (Unknown: Unknown)"
"1320","644.685452","81:0a:b7:00:1d:bc (Air5(ID-1DBC))","SamsungElect_dd:c6:25 (A14 de Walter)","ATT","30","Rcvd Handle Value Notification, Handle: 0x0014 (Unknown: Unknown)"
"1321","644.775559","81:0a:b7:00:1d:bc (Air5(ID-1DBC))","SamsungElect_dd:c6:25 (A14 de Walter)","ATT","30","Rcvd Handle Value Notification, Handle: 0x0014 (Unknown: Unknown)"
"1322","644.820721","81:0a:b7:00:1d:bc (Air5(ID-1DBC))","SamsungElect_dd:c6:25 (A14 de Walter)","ATT","30","Rcvd Handle Value Notification, Handle: 0x0014 (Unknown: Unknown)"
"1323","644.911211","81:0a:b7:00:1d:bc (Air5(ID-1DBC))","SamsungElect_dd:c6:25 (A14 de Walter)","ATT","30","Rcvd Handle Value Notification, Handle: 0x0014 (Unknown: Unknown)"
"1336","644.955533","81:0a:b7:00:1d:bc (Air5(ID-1DBC))","SamsungElect_dd:c6:25 (A14 de Walter)","ATT","30","Rcvd Handle Value Notification, Handle: 0x0014 (Unknown: Unknown)"
"1337","645.045690","81:0a:b7:00:1d:bc (Air5(ID-1DBC))","SamsungElect_dd:c6:25 (A14 de Walter)","ATT","30","Rcvd Handle Value Notification, Handle: 0x0014 (Unknown: Unknown)"
"1338","645.135523","81:0a:b7:00:1d:bc (Air5(ID-1DBC))","SamsungElect_dd:c6:25 (A14 de Walter)","ATT","30","Rcvd Handle Value Notification, Handle: 0x0014 (Unknown: Unknown)"
"1339","645.180724","81:0a:b7:00:1d:bc (Air5(ID-1DBC))","SamsungElect_dd:c6:25 (A14 de Walter)","ATT","30","Rcvd Handle Value Notification, Handle: 0x0014 (Unknown: Unknown)"
"1340","645.270495","81:0a:b7:00:1d:bc (Air5(ID-1DBC))","SamsungElect_dd:c6:25 (A14 de Walter)","ATT","30","Rcvd Handle Value Notification, Handle: 0x0014 (Unknown: Unknown)"
"1341","645.315682","81:0a:b7:00:1d:bc (Air5(ID-1DBC))","SamsungElect_dd:c6:25 (A14 de Walter)","ATT","30","Rcvd Handle Value Notification, Handle: 0x0014 (Unknown: Unknown)"
"1342","645.405786","81:0a:b7:00:1d:bc (Air5(ID-1DBC))","SamsungElect_dd:c6:25 (A14 de Walter)","ATT","30","Rcvd Handle Value Notification, Handle: 0x0014 (Unknown: Unknown)"
"1343","645.450709","81:0a:b7:00:1d:bc (Air5(ID-1DBC))","SamsungElect_dd:c6:25 (A14 de Walter)","ATT","30","Rcvd Handle Value Notification, Handle: 0x0014 (Unknown: Unknown)"
"1344","645.540658","81:0a:b7:00:1d:bc (Air5(ID-1DBC))","SamsungElect_dd:c6:25 (A14 de Walter)","ATT","30","Rcvd Handle Value Notification, Handle: 0x0014 (Unknown: Unknown)"
"1345","645.585502","81:0a:b7:00:1d:bc (Air5(ID-1DBC))","SamsungElect_dd:c6:25 (A14 de Walter)","ATT","30","Rcvd Handle Value Notification, Handle: 0x0014 (Unknown: Unknown)"
"1346","645.675461","81:0a:b7:00:1d:bc (Air5(ID-1DBC))","SamsungElect_dd:c6:25 (A14 de Walter)","ATT","30","Rcvd Handle Value Notification, Handle: 0x0014 (Unknown: Unknown)"
"1347","645.765492","81:0a:b7:00:1d:bc (Air5(ID-1DBC))","SamsungElect_dd:c6:25 (A14 de Walter)","ATT","30","Rcvd Handle Value Notification, Handle: 0x0014 (Unknown: Unknown)"
"1348","645.810495","81:0a:b7:00:1d:bc (Air5(ID-1DBC))","SamsungElect_dd:c6:25 (A14 de Walter)","ATT","30","Rcvd Handle Value Notification, Handle: 0x0014 (Unknown: Unknown)"
"1349","645.900502","81:0a:b7:00:1d:bc (Air5(ID-1DBC))","SamsungElect_dd:c6:25 (A14 de Walter)","ATT","30","Rcvd Handle Value Notification, Handle: 0x0014 (Unknown: Unknown)"
"1350","645.945499","81:0a:b7:00:1d:bc (Air5(ID-1DBC))","SamsungElect_dd:c6:25 (A14 de Walter)","ATT","30","Rcvd Handle Value Notification, Handle: 0x0014 (Unknown: Unknown)"
"1351","646.036362","81:0a:b7:00:1d:bc (Air5(ID-1DBC))","SamsungElect_dd:c6:25 (A14 de Walter)","ATT","30","Rcvd Handle Value Notification, Handle: 0x0014 (Unknown: Unknown)"
"1352","646.080435","81:0a:b7:00:1d:bc (Air5(ID-1DBC))","SamsungElect_dd:c6:25 (A14 de Walter)","ATT","30","Rcvd Handle Value Notification, Handle: 0x0014 (Unknown: Unknown)"
"1353","646.170430","81:0a:b7:00:1d:bc (Air5(ID-1DBC))","SamsungElect_dd:c6:25 (A14 de Walter)","ATT","30","Rcvd Handle Value Notification, Handle: 0x0014 (Unknown: Unknown)"
"1354","646.215671","81:0a:b7:00:1d:bc (Air5(ID-1DBC))","SamsungElect_dd:c6:25 (A14 de Walter)","ATT","30","Rcvd Handle Value Notification, Handle: 0x0014 (Unknown: Unknown)"
"1355","646.305471","81:0a:b7:00:1d:bc (Air5(ID-1DBC))","SamsungElect_dd:c6:25 (A14 de Walter)","ATT","30","Rcvd Handle Value Notification, Handle: 0x0014 (Unknown: Unknown)"
"1364","646.485506","81:0a:b7:00:1d:bc (Air5(ID-1DBC))","SamsungElect_dd:c6:25 (A14 de Walter)","ATT","30","Rcvd Handle Value Notification, Handle: 0x0014 (Unknown: Unknown)"
"1365","646.486214","81:0a:b7:00:1d:bc (Air5(ID-1DBC))","SamsungElect_dd:c6:25 (A14 de Walter)","ATT","30","Rcvd Handle Value Notification, Handle: 0x0014 (Unknown: Unknown)"
"1366","646.530532","81:0a:b7:00:1d:bc (Air5(ID-1DBC))","SamsungElect_dd:c6:25 (A14 de Walter)","ATT","30","Rcvd Handle Value Notification, Handle: 0x0014 (Unknown: Unknown)"
"1367","646.575482","81:0a:b7:00:1d:bc (Air5(ID-1DBC))","SamsungElect_dd:c6:25 (A14 de Walter)","ATT","30","Rcvd Handle Value Notification, Handle: 0x0014 (Unknown: Unknown)"
"1368","646.665550","81:0a:b7:00:1d:bc (Air5(ID-1DBC))","SamsungElect_dd:c6:25 (A14 de Walter)","ATT","30","Rcvd Handle Value Notification, Handle: 0x0014 (Unknown: Unknown)"
"1369","646.710499","81:0a:b7:00:1d:bc (Air5(ID-1DBC))","SamsungElect_dd:c6:25 (A14 de Walter)","ATT","30","Rcvd Handle Value Notification, Handle: 0x0014 (Unknown: Unknown)"
"1370","646.800661","81:0a:b7:00:1d:bc (Air5(ID-1DBC))","SamsungElect_dd:c6:25 (A14 de Walter)","ATT","30","Rcvd Handle Value Notification, Handle: 0x0014 (Unknown: Unknown)"
"1371","646.890441","81:0a:b7:00:1d:bc (Air5(ID-1DBC))","SamsungElect_dd:c6:25 (A14 de Walter)","ATT","30","Rcvd Handle Value Notification, Handle: 0x0014 (Unknown: Unknown)"
"1372","646.935473","81:0a:b7:00:1d:bc (Air5(ID-1DBC))","SamsungElect_dd:c6:25 (A14 de Walter)","ATT","30","Rcvd Handle Value Notification, Handle: 0x0014 (Unknown: Unknown)"
"1373","647.025504","81:0a:b7:00:1d:bc (Air5(ID-1DBC))","SamsungElect_dd:c6:25 (A14 de Walter)","ATT","30","Rcvd Handle Value Notification, Handle: 0x0014 (Unknown: Unknown)"
"1374","647.070568","81:0a:b7:00:1d:bc (Air5(ID-1DBC))","SamsungElect_dd:c6:25 (A14 de Walter)","ATT","30","Rcvd Handle Value Notification, Handle: 0x0014 (Unknown: Unknown)"
"1375","647.163496","81:0a:b7:00:1d:bc (Air5(ID-1DBC))","SamsungElect_dd:c6:25 (A14 de Walter)","ATT","30","Rcvd Handle Value Notification, Handle: 0x0014 (Unknown: Unknown)"
"1376","647.205489","81:0a:b7:00:1d:bc (Air5(ID-1DBC))","SamsungElect_dd:c6:25 (A14 de Walter)","ATT","30","Rcvd Handle Value Notification, Handle: 0x0014 (Unknown: Unknown)"
"1377","647.295449","81:0a:b7:00:1d:bc (Air5(ID-1DBC))","SamsungElect_dd:c6:25 (A14 de Walter)","ATT","30","Rcvd Handle Value Notification, Handle: 0x0014 (Unknown: Unknown)"
"1378","647.385443","81:0a:b7:00:1d:bc (Air5(ID-1DBC))","SamsungElect_dd:c6:25 (A14 de Walter)","ATT","30","Rcvd Handle Value Notification, Handle: 0x0014 (Unknown: Unknown)"
"1379","647.430635","81:0a:b7:00:1d:bc (Air5(ID-1DBC))","SamsungElect_dd:c6:25 (A14 de Walter)","ATT","30","Rcvd Handle Value Notification, Handle: 0x0014 (Unknown: Unknown)"
"1380","647.520568","81:0a:b7:00:1d:bc (Air5(ID-1DBC))","SamsungElect_dd:c6:25 (A14 de Walter)","ATT","30","Rcvd Handle Value Notification, Handle: 0x0014 (Unknown: Unknown)"
"1381","647.567457","81:0a:b7:00:1d:bc (Air5(ID-1DBC))","SamsungElect_dd:c6:25 (A14 de Walter)","ATT","30","Rcvd Handle Value Notification, Handle: 0x0014 (Unknown: Unknown)"
"1382","647.655553","81:0a:b7:00:1d:bc (Air5(ID-1DBC))","SamsungElect_dd:c6:25 (A14 de Walter)","ATT","30","Rcvd Handle Value Notification, Handle: 0x0014 (Unknown: Unknown)"
"1383","647.700523","81:0a:b7:00:1d:bc (Air5(ID-1DBC))","SamsungElect_dd:c6:25 (A14 de Walter)","ATT","30","Rcvd Handle Value Notification, Handle: 0x0014 (Unknown: Unknown)"
"1384","647.790798","81:0a:b7:00:1d:bc (Air5(ID-1DBC))","SamsungElect_dd:c6:25 (A14 de Walter)","ATT","30","Rcvd Handle Value Notification, Handle: 0x0014 (Unknown: Unknown)"
"1385","647.835504","81:0a:b7:00:1d:bc (Air5(ID-1DBC))","SamsungElect_dd:c6:25 (A14 de Walter)","ATT","30","Rcvd Handle Value Notification, Handle: 0x0014 (Unknown: Unknown)"
"1386","647.925617","81:0a:b7:00:1d:bc (Air5(ID-1DBC))","SamsungElect_dd:c6:25 (A14 de Walter)","ATT","15","Rcvd Handle Value Notification, Handle: 0x0014 (Unknown: Unknown)"
"1390","648.196536","81:0a:b7:00:1d:bc (Air5(ID-1DBC))","SamsungElect_dd:c6:25 (A14 de Walter)","ATT","19","Rcvd Handle Value Notification, Handle: 0x0014 (Unknown: Unknown)"
"1391","648.197680","81:0a:b7:00:1d:bc (Air5(ID-1DBC))","SamsungElect_dd:c6:25 (A14 de Walter)","ATT","253","Rcvd Handle Value Notification, Handle: 0x001a (Unknown: Unknown)"
"1392","648.287291","81:0a:b7:00:1d:bc (Air5(ID-1DBC))","SamsungElect_dd:c6:25 (A14 de Walter)","ATT","25","Rcvd Handle Value Notification, Handle: 0x001a (Unknown: Unknown)"
"1395","648.330659","81:0a:b7:00:1d:bc (Air5(ID-1DBC))","SamsungElect_dd:c6:25 (A14 de Walter)","ATT","19","Rcvd Handle Value Notification, Handle: 0x0014 (Unknown: Unknown)"
"1396","648.332046","81:0a:b7:00:1d:bc (Air5(ID-1DBC))","SamsungElect_dd:c6:25 (A14 de Walter)","ATT","175","Rcvd Handle Value Notification, Handle: 0x001a (Unknown: Unknown)"
"1401","648.375768","81:0a:b7:00:1d:bc (Air5(ID-1DBC))","SamsungElect_dd:c6:25 (A14 de Walter)","ATT","19","Rcvd Handle Value Notification, Handle: 0x0014 (Unknown: Unknown)"
"1402","648.376552","81:0a:b7:00:1d:bc (Air5(ID-1DBC))","SamsungElect_dd:c6:25 (A14 de Walter)","ATT","187","Rcvd Handle Value Notification, Handle: 0x001a (Unknown: Unknown)"
"1403","648.465709","81:0a:b7:00:1d:bc (Air5(ID-1DBC))","SamsungElect_dd:c6:25 (A14 de Walter)","ATT","19","Rcvd Handle Value Notification, Handle: 0x0014 (Unknown: Unknown)"
"1404","648.466921","81:0a:b7:00:1d:bc (Air5(ID-1DBC))","SamsungElect_dd:c6:25 (A14 de Walter)","ATT","253","Rcvd Handle Value Notification, Handle: 0x001a (Unknown: Unknown)"
"1405","648.510743","81:0a:b7:00:1d:bc (Air5(ID-1DBC))","SamsungElect_dd:c6:25 (A14 de Walter)","ATT","67","Rcvd Handle Value Notification, Handle: 0x001a (Unknown: Unknown)"
"1406","648.555555","81:0a:b7:00:1d:bc (Air5(ID-1DBC))","SamsungElect_dd:c6:25 (A14 de Walter)","ATT","19","Rcvd Handle Value Notification, Handle: 0x0014 (Unknown: Unknown)"
"1407","648.558020","81:0a:b7:00:1d:bc (Air5(ID-1DBC))","SamsungElect_dd:c6:25 (A14 de Walter)","ATT","253","Rcvd Handle Value Notification, Handle: 0x001a (Unknown: Unknown)"
"1408","648.646252","81:0a:b7:00:1d:bc (Air5(ID-1DBC))","SamsungElect_dd:c6:25 (A14 de Walter)","ATT","145","Rcvd Handle Value Notification, Handle: 0x001a (Unknown: Unknown)"
"1409","648.691110","81:0a:b7:00:1d:bc (Air5(ID-1DBC))","SamsungElect_dd:c6:25 (A14 de Walter)","ATT","19","Rcvd Handle Value Notification, Handle: 0x0014 (Unknown: Unknown)"
"1410","648.691973","81:0a:b7:00:1d:bc (Air5(ID-1DBC))","SamsungElect_dd:c6:25 (A14 de Walter)","ATT","157","Rcvd Handle Value Notification, Handle: 0x001a (Unknown: Unknown)"
"1411","648.735546","81:0a:b7:00:1d:bc (Air5(ID-1DBC))","SamsungElect_dd:c6:25 (A14 de Walter)","ATT","19","Rcvd Handle Value Notification, Handle: 0x0014 (Unknown: Unknown)"
"1412","648.736851","81:0a:b7:00:1d:bc (Air5(ID-1DBC))","SamsungElect_dd:c6:25 (A14 de Walter)","ATT","241","Rcvd Handle Value Notification, Handle: 0x001a (Unknown: Unknown)"
"1413","648.780576","81:0a:b7:00:1d:bc (Air5(ID-1DBC))","SamsungElect_dd:c6:25 (A14 de Walter)","ATT","14","Rcvd Handle Value Notification, Handle: 0x0014 (Unknown: Unknown)"
"1435","649.950600","81:0a:b7:00:1d:bc (Air5(ID-1DBC))","SamsungElect_dd:c6:25 (A14 de Walter)","ATT","30","Rcvd Handle Value Notification, Handle: 0x0014 (Unknown: Unknown)"
"1436","649.995512","81:0a:b7:00:1d:bc (Air5(ID-1DBC))","SamsungElect_dd:c6:25 (A14 de Walter)","ATT","30","Rcvd Handle Value Notification, Handle: 0x0014 (Unknown: Unknown)"
"1437","650.085712","81:0a:b7:00:1d:bc (Air5(ID-1DBC))","SamsungElect_dd:c6:25 (A14 de Walter)","ATT","30","Rcvd Handle Value Notification, Handle: 0x0014 (Unknown: Unknown)"
"1438","650.175576","81:0a:b7:00:1d:bc (Air5(ID-1DBC))","SamsungElect_dd:c6:25 (A14 de Walter)","ATT","30","Rcvd Handle Value Notification, Handle: 0x0014 (Unknown: Unknown)"
"1439","650.265510","81:0a:b7:00:1d:bc (Air5(ID-1DBC))","SamsungElect_dd:c6:25 (A14 de Walter)","ATT","30","Rcvd Handle Value Notification, Handle: 0x0014 (Unknown: Unknown)"
"1440","650.355550","81:0a:b7:00:1d:bc (Air5(ID-1DBC))","SamsungElect_dd:c6:25 (A14 de Walter)","ATT","30","Rcvd Handle Value Notification, Handle: 0x0014 (Unknown: Unknown)"
"1441","650.445654","81:0a:b7:00:1d:bc (Air5(ID-1DBC))","SamsungElect_dd:c6:25 (A14 de Walter)","ATT","30","Rcvd Handle Value Notification, Handle: 0x0014 (Unknown: Unknown)"
"1442","650.490586","81:0a:b7:00:1d:bc (Air5(ID-1DBC))","SamsungElect_dd:c6:25 (A14 de Walter)","ATT","30","Rcvd Handle Value Notification, Handle: 0x0014 (Unknown: Unknown)"
"1443","650.580667","81:0a:b7:00:1d:bc (Air5(ID-1DBC))","SamsungElect_dd:c6:25 (A14 de Walter)","ATT","30","Rcvd Handle Value Notification, Handle: 0x0014 (Unknown: Unknown)"
"1444","650.670586","81:0a:b7:00:1d:bc (Air5(ID-1DBC))","SamsungElect_dd:c6:25 (A14 de Walter)","ATT","30","Rcvd Handle Value Notification, Handle: 0x0014 (Unknown: Unknown)"
"1445","650.761823","81:0a:b7:00:1d:bc (Air5(ID-1DBC))","SamsungElect_dd:c6:25 (A14 de Walter)","ATT","30","Rcvd Handle Value Notification, Handle: 0x0014 (Unknown: Unknown)"
"1446","650.805617","81:0a:b7:00:1d:bc (Air5(ID-1DBC))","SamsungElect_dd:c6:25 (A14 de Walter)","ATT","30","Rcvd Handle Value Notification, Handle: 0x0014 (Unknown: Unknown)"
"1447","650.895637","81:0a:b7:00:1d:bc (Air5(ID-1DBC))","SamsungElect_dd:c6:25 (A14 de Walter)","ATT","30","Rcvd Handle Value Notification, Handle: 0x0014 (Unknown: Unknown)"
"1448","650.985648","81:0a:b7:00:1d:bc (Air5(ID-1DBC))","SamsungElect_dd:c6:25 (A14 de Walter)","ATT","30","Rcvd Handle Value Notification, Handle: 0x0014 (Unknown: Unknown)"
"1449","651.075646","81:0a:b7:00:1d:bc (Air5(ID-1DBC))","SamsungElect_dd:c6:25 (A14 de Walter)","ATT","30","Rcvd Handle Value Notification, Handle: 0x0014 (Unknown: Unknown)"
"1450","651.165860","81:0a:b7:00:1d:bc (Air5(ID-1DBC))","SamsungElect_dd:c6:25 (A14 de Walter)","ATT","30","Rcvd Handle Value Notification, Handle: 0x0014 (Unknown: Unknown)"
"1451","651.210573","81:0a:b7:00:1d:bc (Air5(ID-1DBC))","SamsungElect_dd:c6:25 (A14 de Walter)","ATT","30","Rcvd Handle Value Notification, Handle: 0x0014 (Unknown: Unknown)"
"1457","651.301301","81:0a:b7:00:1d:bc (Air5(ID-1DBC))","SamsungElect_dd:c6:25 (A14 de Walter)","ATT","30","Rcvd Handle Value Notification, Handle: 0x0014 (Unknown: Unknown)"
"1664","659.539255","81:0a:b7:00:1d:bc (Air5(ID-1DBC))","SamsungElect_dd:c6:25 (A14 de Walter)","ATT","20","Rcvd Handle Value Notification, Handle: 0x0014 (Unknown: Unknown)"
"1668","659.851156","81:0a:b7:00:1d:bc (Air5(ID-1DBC))","SamsungElect_dd:c6:25 (A14 de Walter)","ATT","28","Rcvd Handle Value Notification, Handle: 0x0014 (Unknown: Unknown)"
"1671","660.030777","81:0a:b7:00:1d:bc (Air5(ID-1DBC))","SamsungElect_dd:c6:25 (A14 de Walter)","ATT","43","Rcvd Handle Value Notification, Handle: 0x001a (Unknown: Unknown)"
"1678","660.121409","81:0a:b7:00:1d:bc (Air5(ID-1DBC))","SamsungElect_dd:c6:25 (A14 de Walter)","ATT","14","Rcvd Handle Value Notification, Handle: 0x0014 (Unknown: Unknown)"
"1691","660.265014","81:0a:b7:00:1d:bc (Air5(ID-1DBC))","SamsungElect_dd:c6:25 (A14 de Walter)","ATT","32","Rcvd Handle Value Notification, Handle: 0x0014 (Unknown: Unknown)"
"1752","660.347361","81:0a:b7:00:1d:bc (Air5(ID-1DBC))","SamsungElect_dd:c6:25 (A14 de Walter)","ATT","32","Rcvd Handle Value Notification, Handle: 0x0014 (Unknown: Unknown)"
"1764","660.436357","81:0a:b7:00:1d:bc (Air5(ID-1DBC))","SamsungElect_dd:c6:25 (A14 de Walter)","ATT","32","Rcvd Handle Value Notification, Handle: 0x0014 (Unknown: Unknown)"
"1768","660.616874","81:0a:b7:00:1d:bc (Air5(ID-1DBC))","SamsungElect_dd:c6:25 (A14 de Walter)","ATT","13","Rcvd Handle Value Notification, Handle: 0x0014 (Unknown: Unknown)"
"1772","660.751799","81:0a:b7:00:1d:bc (Air5(ID-1DBC))","SamsungElect_dd:c6:25 (A14 de Walter)","ATT","14","Rcvd Handle Value Notification, Handle: 0x0014 (Unknown: Unknown)"
"1776","660.887660","81:0a:b7:00:1d:bc (Air5(ID-1DBC))","SamsungElect_dd:c6:25 (A14 de Walter)","ATT","32","Rcvd Handle Value Notification, Handle: 0x0014 (Unknown: Unknown)"
"1780","661.200514","81:0a:b7:00:1d:bc (Air5(ID-1DBC))","SamsungElect_dd:c6:25 (A14 de Walter)","ATT","30","Rcvd Handle Value Notification, Handle: 0x0014 (Unknown: Unknown)"
"1781","661.290626","81:0a:b7:00:1d:bc (Air5(ID-1DBC))","SamsungElect_dd:c6:25 (A14 de Walter)","ATT","30","Rcvd Handle Value Notification, Handle: 0x0014 (Unknown: Unknown)"
"1782","661.335606","81:0a:b7:00:1d:bc (Air5(ID-1DBC))","SamsungElect_dd:c6:25 (A14 de Walter)","ATT","30","Rcvd Handle Value Notification, Handle: 0x0014 (Unknown: Unknown)"
"1783","661.425613","81:0a:b7:00:1d:bc (Air5(ID-1DBC))","SamsungElect_dd:c6:25 (A14 de Walter)","ATT","30","Rcvd Handle Value Notification, Handle: 0x0014 (Unknown: Unknown)"
"1784","661.470674","81:0a:b7:00:1d:bc (Air5(ID-1DBC))","SamsungElect_dd:c6:25 (A14 de Walter)","ATT","30","Rcvd Handle Value Notification, Handle: 0x0014 (Unknown: Unknown)"
"1785","661.560561","81:0a:b7:00:1d:bc (Air5(ID-1DBC))","SamsungElect_dd:c6:25 (A14 de Walter)","ATT","30","Rcvd Handle Value Notification, Handle: 0x0014 (Unknown: Unknown)"
"1786","661.605921","81:0a:b7:00:1d:bc (Air5(ID-1DBC))","SamsungElect_dd:c6:25 (A14 de Walter)","ATT","30","Rcvd Handle Value Notification, Handle: 0x0014 (Unknown: Unknown)"
"1787","661.695586","81:0a:b7:00:1d:bc (Air5(ID-1DBC))","SamsungElect_dd:c6:25 (A14 de Walter)","ATT","30","Rcvd Handle Value Notification, Handle: 0x0014 (Unknown: Unknown)"
"1788","661.785679","81:0a:b7:00:1d:bc (Air5(ID-1DBC))","SamsungElect_dd:c6:25 (A14 de Walter)","ATT","30","Rcvd Handle Value Notification, Handle: 0x0014 (Unknown: Unknown)"
"1789","661.830612","81:0a:b7:00:1d:bc (Air5(ID-1DBC))","SamsungElect_dd:c6:25 (A14 de Walter)","ATT","30","Rcvd Handle Value Notification, Handle: 0x0014 (Unknown: Unknown)"
"1790","661.921310","81:0a:b7:00:1d:bc (Air5(ID-1DBC))","SamsungElect_dd:c6:25 (A14 de Walter)","ATT","30","Rcvd Handle Value Notification, Handle: 0x0014 (Unknown: Unknown)"
"1791","661.965688","81:0a:b7:00:1d:bc (Air5(ID-1DBC))","SamsungElect_dd:c6:25 (A14 de Walter)","ATT","30","Rcvd Handle Value Notification, Handle: 0x0014 (Unknown: Unknown)"
"1792","662.055711","81:0a:b7:00:1d:bc (Air5(ID-1DBC))","SamsungElect_dd:c6:25 (A14 de Walter)","ATT","30","Rcvd Handle Value Notification, Handle: 0x0014 (Unknown: Unknown)"
"1793","662.100611","81:0a:b7:00:1d:bc (Air5(ID-1DBC))","SamsungElect_dd:c6:25 (A14 de Walter)","ATT","30","Rcvd Handle Value Notification, Handle: 0x0014 (Unknown: Unknown)"
"1794","662.190671","81:0a:b7:00:1d:bc (Air5(ID-1DBC))","SamsungElect_dd:c6:25 (A14 de Walter)","ATT","30","Rcvd Handle Value Notification, Handle: 0x0014 (Unknown: Unknown)"
"1795","662.235641","81:0a:b7:00:1d:bc (Air5(ID-1DBC))","SamsungElect_dd:c6:25 (A14 de Walter)","ATT","30","Rcvd Handle Value Notification, Handle: 0x0014 (Unknown: Unknown)"
"1796","662.326074","81:0a:b7:00:1d:bc (Air5(ID-1DBC))","SamsungElect_dd:c6:25 (A14 de Walter)","ATT","30","Rcvd Handle Value Notification, Handle: 0x0014 (Unknown: Unknown)"
"1797","662.417215","81:0a:b7:00:1d:bc (Air5(ID-1DBC))","SamsungElect_dd:c6:25 (A14 de Walter)","ATT","30","Rcvd Handle Value Notification, Handle: 0x0014 (Unknown: Unknown)"
"1798","662.460826","81:0a:b7:00:1d:bc (Air5(ID-1DBC))","SamsungElect_dd:c6:25 (A14 de Walter)","ATT","30","Rcvd Handle Value Notification, Handle: 0x0014 (Unknown: Unknown)"
"1799","662.550659","81:0a:b7:00:1d:bc (Air5(ID-1DBC))","SamsungElect_dd:c6:25 (A14 de Walter)","ATT","30","Rcvd Handle Value Notification, Handle: 0x0014 (Unknown: Unknown)"
"1800","662.595661","81:0a:b7:00:1d:bc (Air5(ID-1DBC))","SamsungElect_dd:c6:25 (A14 de Walter)","ATT","30","Rcvd Handle Value Notification, Handle: 0x0014 (Unknown: Unknown)"
"1801","662.685623","81:0a:b7:00:1d:bc (Air5(ID-1DBC))","SamsungElect_dd:c6:25 (A14 de Walter)","ATT","30","Rcvd Handle Value Notification, Handle: 0x0014 (Unknown: Unknown)"
"1802","662.730668","81:0a:b7:00:1d:bc (Air5(ID-1DBC))","SamsungElect_dd:c6:25 (A14 de Walter)","ATT","30","Rcvd Handle Value Notification, Handle: 0x0014 (Unknown: Unknown)"
"1803","662.820610","81:0a:b7:00:1d:bc (Air5(ID-1DBC))","SamsungElect_dd:c6:25 (A14 de Walter)","ATT","30","Rcvd Handle Value Notification, Handle: 0x0014 (Unknown: Unknown)"
"1804","662.865648","81:0a:b7:00:1d:bc (Air5(ID-1DBC))","SamsungElect_dd:c6:25 (A14 de Walter)","ATT","30","Rcvd Handle Value Notification, Handle: 0x0014 (Unknown: Unknown)"
"1805","662.955600","81:0a:b7:00:1d:bc (Air5(ID-1DBC))","SamsungElect_dd:c6:25 (A14 de Walter)","ATT","30","Rcvd Handle Value Notification, Handle: 0x0014 (Unknown: Unknown)"
"1806","663.045719","81:0a:b7:00:1d:bc (Air5(ID-1DBC))","SamsungElect_dd:c6:25 (A14 de Walter)","ATT","30","Rcvd Handle Value Notification, Handle: 0x0014 (Unknown: Unknown)"
"1807","663.090586","81:0a:b7:00:1d:bc (Air5(ID-1DBC))","SamsungElect_dd:c6:25 (A14 de Walter)","ATT","30","Rcvd Handle Value Notification, Handle: 0x0014 (Unknown: Unknown)"
"1808","663.180706","81:0a:b7:00:1d:bc (Air5(ID-1DBC))","SamsungElect_dd:c6:25 (A14 de Walter)","ATT","30","Rcvd Handle Value Notification, Handle: 0x0014 (Unknown: Unknown)"
"1809","663.225653","81:0a:b7:00:1d:bc (Air5(ID-1DBC))","SamsungElect_dd:c6:25 (A14 de Walter)","ATT","30","Rcvd Handle Value Notification, Handle: 0x0014 (Unknown: Unknown)"
"1810","663.315650","81:0a:b7:00:1d:bc (Air5(ID-1DBC))","SamsungElect_dd:c6:25 (A14 de Walter)","ATT","30","Rcvd Handle Value Notification, Handle: 0x0014 (Unknown: Unknown)"
"1811","663.360531","81:0a:b7:00:1d:bc (Air5(ID-1DBC))","SamsungElect_dd:c6:25 (A14 de Walter)","ATT","30","Rcvd Handle Value Notification, Handle: 0x0014 (Unknown: Unknown)"
"1812","663.450567","81:0a:b7:00:1d:bc (Air5(ID-1DBC))","SamsungElect_dd:c6:25 (A14 de Walter)","ATT","30","Rcvd Handle Value Notification, Handle: 0x0014 (Unknown: Unknown)"
"1813","663.495835","81:0a:b7:00:1d:bc (Air5(ID-1DBC))","SamsungElect_dd:c6:25 (A14 de Walter)","ATT","30","Rcvd Handle Value Notification, Handle: 0x0014 (Unknown: Unknown)"
"1814","663.585670","81:0a:b7:00:1d:bc (Air5(ID-1DBC))","SamsungElect_dd:c6:25 (A14 de Walter)","ATT","30","Rcvd Handle Value Notification, Handle: 0x0014 (Unknown: Unknown)"
"1815","663.675622","81:0a:b7:00:1d:bc (Air5(ID-1DBC))","SamsungElect_dd:c6:25 (A14 de Walter)","ATT","30","Rcvd Handle Value Notification, Handle: 0x0014 (Unknown: Unknown)"
"1816","663.720727","81:0a:b7:00:1d:bc (Air5(ID-1DBC))","SamsungElect_dd:c6:25 (A14 de Walter)","ATT","30","Rcvd Handle Value Notification, Handle: 0x0014 (Unknown: Unknown)"
"1817","663.810596","81:0a:b7:00:1d:bc (Air5(ID-1DBC))","SamsungElect_dd:c6:25 (A14 de Walter)","ATT","30","Rcvd Handle Value Notification, Handle: 0x0014 (Unknown: Unknown)"
"1818","663.855592","81:0a:b7:00:1d:bc (Air5(ID-1DBC))","SamsungElect_dd:c6:25 (A14 de Walter)","ATT","30","Rcvd Handle Value Notification, Handle: 0x0014 (Unknown: Unknown)"
"1819","663.945770","81:0a:b7:00:1d:bc (Air5(ID-1DBC))","SamsungElect_dd:c6:25 (A14 de Walter)","ATT","30","Rcvd Handle Value Notification, Handle: 0x0014 (Unknown: Unknown)"
"1820","663.990559","81:0a:b7:00:1d:bc (Air5(ID-1DBC))","SamsungElect_dd:c6:25 (A14 de Walter)","ATT","30","Rcvd Handle Value Notification, Handle: 0x0014 (Unknown: Unknown)"
"1821","664.080629","81:0a:b7:00:1d:bc (Air5(ID-1DBC))","SamsungElect_dd:c6:25 (A14 de Walter)","ATT","30","Rcvd Handle Value Notification, Handle: 0x0014 (Unknown: Unknown)"
"1822","664.125630","81:0a:b7:00:1d:bc (Air5(ID-1DBC))","SamsungElect_dd:c6:25 (A14 de Walter)","ATT","30","Rcvd Handle Value Notification, Handle: 0x0014 (Unknown: Unknown)"
"1823","664.215602","81:0a:b7:00:1d:bc (Air5(ID-1DBC))","SamsungElect_dd:c6:25 (A14 de Walter)","ATT","30","Rcvd Handle Value Notification, Handle: 0x0014 (Unknown: Unknown)"
"1824","664.305677","81:0a:b7:00:1d:bc (Air5(ID-1DBC))","SamsungElect_dd:c6:25 (A14 de Walter)","ATT","30","Rcvd Handle Value Notification, Handle: 0x0014 (Unknown: Unknown)"
"1825","664.350715","81:0a:b7:00:1d:bc (Air5(ID-1DBC))","SamsungElect_dd:c6:25 (A14 de Walter)","ATT","30","Rcvd Handle Value Notification, Handle: 0x0014 (Unknown: Unknown)"
"1826","664.440751","81:0a:b7:00:1d:bc (Air5(ID-1DBC))","SamsungElect_dd:c6:25 (A14 de Walter)","ATT","30","Rcvd Handle Value Notification, Handle: 0x0014 (Unknown: Unknown)"
"1827","664.485652","81:0a:b7:00:1d:bc (Air5(ID-1DBC))","SamsungElect_dd:c6:25 (A14 de Walter)","ATT","30","Rcvd Handle Value Notification, Handle: 0x0014 (Unknown: Unknown)"
"1828","664.575823","81:0a:b7:00:1d:bc (Air5(ID-1DBC))","SamsungElect_dd:c6:25 (A14 de Walter)","ATT","30","Rcvd Handle Value Notification, Handle: 0x0014 (Unknown: Unknown)"
"1829","664.620604","81:0a:b7:00:1d:bc (Air5(ID-1DBC))","SamsungElect_dd:c6:25 (A14 de Walter)","ATT","30","Rcvd Handle Value Notification, Handle: 0x0014 (Unknown: Unknown)"
"1830","664.710922","81:0a:b7:00:1d:bc (Air5(ID-1DBC))","SamsungElect_dd:c6:25 (A14 de Walter)","ATT","30","Rcvd Handle Value Notification, Handle: 0x0014 (Unknown: Unknown)"
"1831","664.755650","81:0a:b7:00:1d:bc (Air5(ID-1DBC))","SamsungElect_dd:c6:25 (A14 de Walter)","ATT","30","Rcvd Handle Value Notification, Handle: 0x0014 (Unknown: Unknown)"
"1832","664.963862","81:0a:b7:00:1d:bc (Air5(ID-1DBC))","SamsungElect_dd:c6:25 (A14 de Walter)","ATT","30","Rcvd Handle Value Notification, Handle: 0x0014 (Unknown: Unknown)"
"1833","664.964596","81:0a:b7:00:1d:bc (Air5(ID-1DBC))","SamsungElect_dd:c6:25 (A14 de Walter)","ATT","30","Rcvd Handle Value Notification, Handle: 0x0014 (Unknown: Unknown)"
"1834","664.980688","81:0a:b7:00:1d:bc (Air5(ID-1DBC))","SamsungElect_dd:c6:25 (A14 de Walter)","ATT","30","Rcvd Handle Value Notification, Handle: 0x0014 (Unknown: Unknown)"
"1842","665.077374","81:0a:b7:00:1d:bc (Air5(ID-1DBC))","SamsungElect_dd:c6:25 (A14 de Walter)","ATT","30","Rcvd Handle Value Notification, Handle: 0x0014 (Unknown: Unknown)"
"1844","665.115606","81:0a:b7:00:1d:bc (Air5(ID-1DBC))","SamsungElect_dd:c6:25 (A14 de Walter)","ATT","30","Rcvd Handle Value Notification, Handle: 0x0014 (Unknown: Unknown)"
"1845","665.205719","81:0a:b7:00:1d:bc (Air5(ID-1DBC))","SamsungElect_dd:c6:25 (A14 de Walter)","ATT","30","Rcvd Handle Value Notification, Handle: 0x0014 (Unknown: Unknown)"
"1846","665.250591","81:0a:b7:00:1d:bc (Air5(ID-1DBC))","SamsungElect_dd:c6:25 (A14 de Walter)","ATT","30","Rcvd Handle Value Notification, Handle: 0x0014 (Unknown: Unknown)"
"1847","665.340639","81:0a:b7:00:1d:bc (Air5(ID-1DBC))","SamsungElect_dd:c6:25 (A14 de Walter)","ATT","30","Rcvd Handle Value Notification, Handle: 0x0014 (Unknown: Unknown)"
"1848","665.385668","81:0a:b7:00:1d:bc (Air5(ID-1DBC))","SamsungElect_dd:c6:25 (A14 de Walter)","ATT","30","Rcvd Handle Value Notification, Handle: 0x0014 (Unknown: Unknown)"
"1849","665.475652","81:0a:b7:00:1d:bc (Air5(ID-1DBC))","SamsungElect_dd:c6:25 (A14 de Walter)","ATT","30","Rcvd Handle Value Notification, Handle: 0x0014 (Unknown: Unknown)"
"1850","665.565695","81:0a:b7:00:1d:bc (Air5(ID-1DBC))","SamsungElect_dd:c6:25 (A14 de Walter)","ATT","30","Rcvd Handle Value Notification, Handle: 0x0014 (Unknown: Unknown)"
"1851","665.610604","81:0a:b7:00:1d:bc (Air5(ID-1DBC))","SamsungElect_dd:c6:25 (A14 de Walter)","ATT","30","Rcvd Handle Value Notification, Handle: 0x0014 (Unknown: Unknown)"
"1852","665.700654","81:0a:b7:00:1d:bc (Air5(ID-1DBC))","SamsungElect_dd:c6:25 (A14 de Walter)","ATT","30","Rcvd Handle Value Notification, Handle: 0x0014 (Unknown: Unknown)"
"1853","665.745648","81:0a:b7:00:1d:bc (Air5(ID-1DBC))","SamsungElect_dd:c6:25 (A14 de Walter)","ATT","30","Rcvd Handle Value Notification, Handle: 0x0014 (Unknown: Unknown)"
"1854","665.835696","81:0a:b7:00:1d:bc (Air5(ID-1DBC))","SamsungElect_dd:c6:25 (A14 de Walter)","ATT","30","Rcvd Handle Value Notification, Handle: 0x0014 (Unknown: Unknown)"
"1855","665.880696","81:0a:b7:00:1d:bc (Air5(ID-1DBC))","SamsungElect_dd:c6:25 (A14 de Walter)","ATT","30","Rcvd Handle Value Notification, Handle: 0x0014 (Unknown: Unknown)"
"1856","665.970596","81:0a:b7:00:1d:bc (Air5(ID-1DBC))","SamsungElect_dd:c6:25 (A14 de Walter)","ATT","30","Rcvd Handle Value Notification, Handle: 0x0014 (Unknown: Unknown)"
"1857","666.015570","81:0a:b7:00:1d:bc (Air5(ID-1DBC))","SamsungElect_dd:c6:25 (A14 de Walter)","ATT","30","Rcvd Handle Value Notification, Handle: 0x0014 (Unknown: Unknown)"
"1858","666.106280","81:0a:b7:00:1d:bc (Air5(ID-1DBC))","SamsungElect_dd:c6:25 (A14 de Walter)","ATT","30","Rcvd Handle Value Notification, Handle: 0x0014 (Unknown: Unknown)"
"1859","666.195735","81:0a:b7:00:1d:bc (Air5(ID-1DBC))","SamsungElect_dd:c6:25 (A14 de Walter)","ATT","30","Rcvd Handle Value Notification, Handle: 0x0014 (Unknown: Unknown)"
"1860","666.240742","81:0a:b7:00:1d:bc (Air5(ID-1DBC))","SamsungElect_dd:c6:25 (A14 de Walter)","ATT","30","Rcvd Handle Value Notification, Handle: 0x0014 (Unknown: Unknown)"
"1861","666.330570","81:0a:b7:00:1d:bc (Air5(ID-1DBC))","SamsungElect_dd:c6:25 (A14 de Walter)","ATT","30","Rcvd Handle Value Notification, Handle: 0x0014 (Unknown: Unknown)"
"1862","666.375675","81:0a:b7:00:1d:bc (Air5(ID-1DBC))","SamsungElect_dd:c6:25 (A14 de Walter)","ATT","30","Rcvd Handle Value Notification, Handle: 0x0014 (Unknown: Unknown)"
"1863","666.465630","81:0a:b7:00:1d:bc (Air5(ID-1DBC))","SamsungElect_dd:c6:25 (A14 de Walter)","ATT","30","Rcvd Handle Value Notification, Handle: 0x0014 (Unknown: Unknown)"
"1864","666.512943","81:0a:b7:00:1d:bc (Air5(ID-1DBC))","SamsungElect_dd:c6:25 (A14 de Walter)","ATT","30","Rcvd Handle Value Notification, Handle: 0x0014 (Unknown: Unknown)"
"1865","666.600633","81:0a:b7:00:1d:bc (Air5(ID-1DBC))","SamsungElect_dd:c6:25 (A14 de Walter)","ATT","30","Rcvd Handle Value Notification, Handle: 0x0014 (Unknown: Unknown)"
"1866","666.645788","81:0a:b7:00:1d:bc (Air5(ID-1DBC))","SamsungElect_dd:c6:25 (A14 de Walter)","ATT","30","Rcvd Handle Value Notification, Handle: 0x0014 (Unknown: Unknown)"
"1867","666.735648","81:0a:b7:00:1d:bc (Air5(ID-1DBC))","SamsungElect_dd:c6:25 (A14 de Walter)","ATT","30","Rcvd Handle Value Notification, Handle: 0x0014 (Unknown: Unknown)"
"1868","666.825661","81:0a:b7:00:1d:bc (Air5(ID-1DBC))","SamsungElect_dd:c6:25 (A14 de Walter)","ATT","30","Rcvd Handle Value Notification, Handle: 0x0014 (Unknown: Unknown)"
"1869","666.870675","81:0a:b7:00:1d:bc (Air5(ID-1DBC))","SamsungElect_dd:c6:25 (A14 de Walter)","ATT","30","Rcvd Handle Value Notification, Handle: 0x0014 (Unknown: Unknown)"
"1870","666.960659","81:0a:b7:00:1d:bc (Air5(ID-1DBC))","SamsungElect_dd:c6:25 (A14 de Walter)","ATT","30","Rcvd Handle Value Notification, Handle: 0x0014 (Unknown: Unknown)"
"1871","667.005647","81:0a:b7:00:1d:bc (Air5(ID-1DBC))","SamsungElect_dd:c6:25 (A14 de Walter)","ATT","30","Rcvd Handle Value Notification, Handle: 0x0014 (Unknown: Unknown)"
"1872","667.095692","81:0a:b7:00:1d:bc (Air5(ID-1DBC))","SamsungElect_dd:c6:25 (A14 de Walter)","ATT","30","Rcvd Handle Value Notification, Handle: 0x0014 (Unknown: Unknown)"
"1873","667.140626","81:0a:b7:00:1d:bc (Air5(ID-1DBC))","SamsungElect_dd:c6:25 (A14 de Walter)","ATT","30","Rcvd Handle Value Notification, Handle: 0x0014 (Unknown: Unknown)"
"1874","667.231841","81:0a:b7:00:1d:bc (Air5(ID-1DBC))","SamsungElect_dd:c6:25 (A14 de Walter)","ATT","30","Rcvd Handle Value Notification, Handle: 0x0014 (Unknown: Unknown)"
"1875","667.275542","81:0a:b7:00:1d:bc (Air5(ID-1DBC))","SamsungElect_dd:c6:25 (A14 de Walter)","ATT","30","Rcvd Handle Value Notification, Handle: 0x0014 (Unknown: Unknown)"
"1876","667.365725","81:0a:b7:00:1d:bc (Air5(ID-1DBC))","SamsungElect_dd:c6:25 (A14 de Walter)","ATT","30","Rcvd Handle Value Notification, Handle: 0x0014 (Unknown: Unknown)"
"1877","667.455574","81:0a:b7:00:1d:bc (Air5(ID-1DBC))","SamsungElect_dd:c6:25 (A14 de Walter)","ATT","30","Rcvd Handle Value Notification, Handle: 0x0014 (Unknown: Unknown)"
"1878","667.501401","81:0a:b7:00:1d:bc (Air5(ID-1DBC))","SamsungElect_dd:c6:25 (A14 de Walter)","ATT","30","Rcvd Handle Value Notification, Handle: 0x0014 (Unknown: Unknown)"
"1879","667.590623","81:0a:b7:00:1d:bc (Air5(ID-1DBC))","SamsungElect_dd:c6:25 (A14 de Walter)","ATT","30","Rcvd Handle Value Notification, Handle: 0x0014 (Unknown: Unknown)"
"1880","667.637249","81:0a:b7:00:1d:bc (Air5(ID-1DBC))","SamsungElect_dd:c6:25 (A14 de Walter)","ATT","30","Rcvd Handle Value Notification, Handle: 0x0014 (Unknown: Unknown)"
"1881","667.726002","81:0a:b7:00:1d:bc (Air5(ID-1DBC))","SamsungElect_dd:c6:25 (A14 de Walter)","ATT","30","Rcvd Handle Value Notification, Handle: 0x0014 (Unknown: Unknown)"
"1882","667.770788","81:0a:b7:00:1d:bc (Air5(ID-1DBC))","SamsungElect_dd:c6:25 (A14 de Walter)","ATT","30","Rcvd Handle Value Notification, Handle: 0x0014 (Unknown: Unknown)"
"1883","667.860731","81:0a:b7:00:1d:bc (Air5(ID-1DBC))","SamsungElect_dd:c6:25 (A14 de Walter)","ATT","15","Rcvd Handle Value Notification, Handle: 0x0014 (Unknown: Unknown)"
"1938","668.356461","81:0a:b7:00:1d:bc (Air5(ID-1DBC))","SamsungElect_dd:c6:25 (A14 de Walter)","ATT","19","Rcvd Handle Value Notification, Handle: 0x0014 (Unknown: Unknown)"
"1939","668.359350","81:0a:b7:00:1d:bc (Air5(ID-1DBC))","SamsungElect_dd:c6:25 (A14 de Walter)","ATT","253","Rcvd Handle Value Notification, Handle: 0x001a (Unknown: Unknown)"
"1961","668.445599","81:0a:b7:00:1d:bc (Air5(ID-1DBC))","SamsungElect_dd:c6:25 (A14 de Walter)","ATT","25","Rcvd Handle Value Notification, Handle: 0x001a (Unknown: Unknown)"
"1962","668.490527","81:0a:b7:00:1d:bc (Air5(ID-1DBC))","SamsungElect_dd:c6:25 (A14 de Walter)","ATT","19","Rcvd Handle Value Notification, Handle: 0x0014 (Unknown: Unknown)"
"1963","668.492045","81:0a:b7:00:1d:bc (Air5(ID-1DBC))","SamsungElect_dd:c6:25 (A14 de Walter)","ATT","175","Rcvd Handle Value Notification, Handle: 0x001a (Unknown: Unknown)"
"1964","668.535682","81:0a:b7:00:1d:bc (Air5(ID-1DBC))","SamsungElect_dd:c6:25 (A14 de Walter)","ATT","19","Rcvd Handle Value Notification, Handle: 0x0014 (Unknown: Unknown)"
"1965","668.536594","81:0a:b7:00:1d:bc (Air5(ID-1DBC))","SamsungElect_dd:c6:25 (A14 de Walter)","ATT","187","Rcvd Handle Value Notification, Handle: 0x001a (Unknown: Unknown)"
"1966","668.625540","81:0a:b7:00:1d:bc (Air5(ID-1DBC))","SamsungElect_dd:c6:25 (A14 de Walter)","ATT","19","Rcvd Handle Value Notification, Handle: 0x0014 (Unknown: Unknown)"
"1967","668.626980","81:0a:b7:00:1d:bc (Air5(ID-1DBC))","SamsungElect_dd:c6:25 (A14 de Walter)","ATT","253","Rcvd Handle Value Notification, Handle: 0x001a (Unknown: Unknown)"
"1968","668.671020","81:0a:b7:00:1d:bc (Air5(ID-1DBC))","SamsungElect_dd:c6:25 (A14 de Walter)","ATT","67","Rcvd Handle Value Notification, Handle: 0x001a (Unknown: Unknown)"
"1969","668.715663","81:0a:b7:00:1d:bc (Air5(ID-1DBC))","SamsungElect_dd:c6:25 (A14 de Walter)","ATT","19","Rcvd Handle Value Notification, Handle: 0x0014 (Unknown: Unknown)"
"1970","668.717195","81:0a:b7:00:1d:bc (Air5(ID-1DBC))","SamsungElect_dd:c6:25 (A14 de Walter)","ATT","253","Rcvd Handle Value Notification, Handle: 0x001a (Unknown: Unknown)"
"1971","668.806263","81:0a:b7:00:1d:bc (Air5(ID-1DBC))","SamsungElect_dd:c6:25 (A14 de Walter)","ATT","145","Rcvd Handle Value Notification, Handle: 0x001a (Unknown: Unknown)"
"1972","668.850652","81:0a:b7:00:1d:bc (Air5(ID-1DBC))","SamsungElect_dd:c6:25 (A14 de Walter)","ATT","19","Rcvd Handle Value Notification, Handle: 0x0014 (Unknown: Unknown)"
"1973","668.851571","81:0a:b7:00:1d:bc (Air5(ID-1DBC))","SamsungElect_dd:c6:25 (A14 de Walter)","ATT","157","Rcvd Handle Value Notification, Handle: 0x001a (Unknown: Unknown)"
"1974","668.895546","81:0a:b7:00:1d:bc (Air5(ID-1DBC))","SamsungElect_dd:c6:25 (A14 de Walter)","ATT","19","Rcvd Handle Value Notification, Handle: 0x0014 (Unknown: Unknown)"
"1975","668.896902","81:0a:b7:00:1d:bc (Air5(ID-1DBC))","SamsungElect_dd:c6:25 (A14 de Walter)","ATT","241","Rcvd Handle Value Notification, Handle: 0x001a (Unknown: Unknown)"
"1976","668.985503","81:0a:b7:00:1d:bc (Air5(ID-1DBC))","SamsungElect_dd:c6:25 (A14 de Walter)","ATT","14","Rcvd Handle Value Notification, Handle: 0x0014 (Unknown: Unknown)"
"1980","669.615828","81:0a:b7:00:1d:bc (Air5(ID-1DBC))","SamsungElect_dd:c6:25 (A14 de Walter)","ATT","30","Rcvd Handle Value Notification, Handle: 0x0014 (Unknown: Unknown)"
"1981","669.705671","81:0a:b7:00:1d:bc (Air5(ID-1DBC))","SamsungElect_dd:c6:25 (A14 de Walter)","ATT","30","Rcvd Handle Value Notification, Handle: 0x0014 (Unknown: Unknown)"
"1982","669.795578","81:0a:b7:00:1d:bc (Air5(ID-1DBC))","SamsungElect_dd:c6:25 (A14 de Walter)","ATT","30","Rcvd Handle Value Notification, Handle: 0x0014 (Unknown: Unknown)"
"1983","669.840688","81:0a:b7:00:1d:bc (Air5(ID-1DBC))","SamsungElect_dd:c6:25 (A14 de Walter)","ATT","30","Rcvd Handle Value Notification, Handle: 0x0014 (Unknown: Unknown)"
"1984","669.930699","81:0a:b7:00:1d:bc (Air5(ID-1DBC))","SamsungElect_dd:c6:25 (A14 de Walter)","ATT","30","Rcvd Handle Value Notification, Handle: 0x0014 (Unknown: Unknown)"
"1985","670.020559","81:0a:b7:00:1d:bc (Air5(ID-1DBC))","SamsungElect_dd:c6:25 (A14 de Walter)","ATT","30","Rcvd Handle Value Notification, Handle: 0x0014 (Unknown: Unknown)"
"1986","670.110609","81:0a:b7:00:1d:bc (Air5(ID-1DBC))","SamsungElect_dd:c6:25 (A14 de Walter)","ATT","30","Rcvd Handle Value Notification, Handle: 0x0014 (Unknown: Unknown)"
"1987","670.155528","81:0a:b7:00:1d:bc (Air5(ID-1DBC))","SamsungElect_dd:c6:25 (A14 de Walter)","ATT","30","Rcvd Handle Value Notification, Handle: 0x0014 (Unknown: Unknown)"
"1988","670.245685","81:0a:b7:00:1d:bc (Air5(ID-1DBC))","SamsungElect_dd:c6:25 (A14 de Walter)","ATT","30","Rcvd Handle Value Notification, Handle: 0x0014 (Unknown: Unknown)"
"1989","670.335850","81:0a:b7:00:1d:bc (Air5(ID-1DBC))","SamsungElect_dd:c6:25 (A14 de Walter)","ATT","30","Rcvd Handle Value Notification, Handle: 0x0014 (Unknown: Unknown)"
"1990","670.425708","81:0a:b7:00:1d:bc (Air5(ID-1DBC))","SamsungElect_dd:c6:25 (A14 de Walter)","ATT","30","Rcvd Handle Value Notification, Handle: 0x0014 (Unknown: Unknown)"
"1991","670.470612","81:0a:b7:00:1d:bc (Air5(ID-1DBC))","SamsungElect_dd:c6:25 (A14 de Walter)","ATT","30","Rcvd Handle Value Notification, Handle: 0x0014 (Unknown: Unknown)"
"1992","670.560519","81:0a:b7:00:1d:bc (Air5(ID-1DBC))","SamsungElect_dd:c6:25 (A14 de Walter)","ATT","30","Rcvd Handle Value Notification, Handle: 0x0014 (Unknown: Unknown)"
"1993","670.650762","81:0a:b7:00:1d:bc (Air5(ID-1DBC))","SamsungElect_dd:c6:25 (A14 de Walter)","ATT","30","Rcvd Handle Value Notification, Handle: 0x0014 (Unknown: Unknown)"
"1994","670.740540","81:0a:b7:00:1d:bc (Air5(ID-1DBC))","SamsungElect_dd:c6:25 (A14 de Walter)","ATT","30","Rcvd Handle Value Notification, Handle: 0x0014 (Unknown: Unknown)"
"1995","670.830676","81:0a:b7:00:1d:bc (Air5(ID-1DBC))","SamsungElect_dd:c6:25 (A14 de Walter)","ATT","30","Rcvd Handle Value Notification, Handle: 0x0014 (Unknown: Unknown)"
"1996","670.875523","81:0a:b7:00:1d:bc (Air5(ID-1DBC))","SamsungElect_dd:c6:25 (A14 de Walter)","ATT","30","Rcvd Handle Value Notification, Handle: 0x0014 (Unknown: Unknown)"
"1997","670.965517","81:0a:b7:00:1d:bc (Air5(ID-1DBC))","SamsungElect_dd:c6:25 (A14 de Walter)","ATT","30","Rcvd Handle Value Notification, Handle: 0x0014 (Unknown: Unknown)"
"1998","671.055534","81:0a:b7:00:1d:bc (Air5(ID-1DBC))","SamsungElect_dd:c6:25 (A14 de Walter)","ATT","30","Rcvd Handle Value Notification, Handle: 0x0014 (Unknown: Unknown)"
"1999","671.145538","81:0a:b7:00:1d:bc (Air5(ID-1DBC))","SamsungElect_dd:c6:25 (A14 de Walter)","ATT","30","Rcvd Handle Value Notification, Handle: 0x0014 (Unknown: Unknown)"
"2000","671.190612","81:0a:b7:00:1d:bc (Air5(ID-1DBC))","SamsungElect_dd:c6:25 (A14 de Walter)","ATT","30","Rcvd Handle Value Notification, Handle: 0x0014 (Unknown: Unknown)"
"2001","671.280530","81:0a:b7:00:1d:bc (Air5(ID-1DBC))","SamsungElect_dd:c6:25 (A14 de Walter)","ATT","30","Rcvd Handle Value Notification, Handle: 0x0014 (Unknown: Unknown)"
"2002","671.370559","81:0a:b7:00:1d:bc (Air5(ID-1DBC))","SamsungElect_dd:c6:25 (A14 de Walter)","ATT","30","Rcvd Handle Value Notification, Handle: 0x0014 (Unknown: Unknown)"
"2003","671.460626","81:0a:b7:00:1d:bc (Air5(ID-1DBC))","SamsungElect_dd:c6:25 (A14 de Walter)","ATT","30","Rcvd Handle Value Notification, Handle: 0x0014 (Unknown: Unknown)"
"2004","671.550589","81:0a:b7:00:1d:bc (Air5(ID-1DBC))","SamsungElect_dd:c6:25 (A14 de Walter)","ATT","30","Rcvd Handle Value Notification, Handle: 0x0014 (Unknown: Unknown)"
"2005","671.595551","81:0a:b7:00:1d:bc (Air5(ID-1DBC))","SamsungElect_dd:c6:25 (A14 de Walter)","ATT","30","Rcvd Handle Value Notification, Handle: 0x0014 (Unknown: Unknown)"
"2006","671.685654","81:0a:b7:00:1d:bc (Air5(ID-1DBC))","SamsungElect_dd:c6:25 (A14 de Walter)","ATT","30","Rcvd Handle Value Notification, Handle: 0x0014 (Unknown: Unknown)"
"2007","671.775527","81:0a:b7:00:1d:bc (Air5(ID-1DBC))","SamsungElect_dd:c6:25 (A14 de Walter)","ATT","30","Rcvd Handle Value Notification, Handle: 0x0014 (Unknown: Unknown)"
"2008","671.866090","81:0a:b7:00:1d:bc (Air5(ID-1DBC))","SamsungElect_dd:c6:25 (A14 de Walter)","ATT","30","Rcvd Handle Value Notification, Handle: 0x0014 (Unknown: Unknown)"
"2009","671.910509","81:0a:b7:00:1d:bc (Air5(ID-1DBC))","SamsungElect_dd:c6:25 (A14 de Walter)","ATT","30","Rcvd Handle Value Notification, Handle: 0x0014 (Unknown: Unknown)"
"2010","672.000525","81:0a:b7:00:1d:bc (Air5(ID-1DBC))","SamsungElect_dd:c6:25 (A14 de Walter)","ATT","30","Rcvd Handle Value Notification, Handle: 0x0014 (Unknown: Unknown)"
"2011","672.090629","81:0a:b7:00:1d:bc (Air5(ID-1DBC))","SamsungElect_dd:c6:25 (A14 de Walter)","ATT","30","Rcvd Handle Value Notification, Handle: 0x0014 (Unknown: Unknown)"
"2012","672.180675","81:0a:b7:00:1d:bc (Air5(ID-1DBC))","SamsungElect_dd:c6:25 (A14 de Walter)","ATT","30","Rcvd Handle Value Notification, Handle: 0x0014 (Unknown: Unknown)"
"2013","672.270572","81:0a:b7:00:1d:bc (Air5(ID-1DBC))","SamsungElect_dd:c6:25 (A14 de Walter)","ATT","30","Rcvd Handle Value Notification, Handle: 0x0014 (Unknown: Unknown)"
"2014","672.315591","81:0a:b7:00:1d:bc (Air5(ID-1DBC))","SamsungElect_dd:c6:25 (A14 de Walter)","ATT","30","Rcvd Handle Value Notification, Handle: 0x0014 (Unknown: Unknown)"
"2015","672.495557","81:0a:b7:00:1d:bc (Air5(ID-1DBC))","SamsungElect_dd:c6:25 (A14 de Walter)","ATT","30","Rcvd Handle Value Notification, Handle: 0x0014 (Unknown: Unknown)"
"2016","672.496095","81:0a:b7:00:1d:bc (Air5(ID-1DBC))","SamsungElect_dd:c6:25 (A14 de Walter)","ATT","30","Rcvd Handle Value Notification, Handle: 0x0014 (Unknown: Unknown)"
"2017","672.585532","81:0a:b7:00:1d:bc (Air5(ID-1DBC))","SamsungElect_dd:c6:25 (A14 de Walter)","ATT","30","Rcvd Handle Value Notification, Handle: 0x0014 (Unknown: Unknown)"
"2018","672.630507","81:0a:b7:00:1d:bc (Air5(ID-1DBC))","SamsungElect_dd:c6:25 (A14 de Walter)","ATT","30","Rcvd Handle Value Notification, Handle: 0x0014 (Unknown: Unknown)"
"2019","672.720515","81:0a:b7:00:1d:bc (Air5(ID-1DBC))","SamsungElect_dd:c6:25 (A14 de Walter)","ATT","30","Rcvd Handle Value Notification, Handle: 0x0014 (Unknown: Unknown)"
"2020","672.810502","81:0a:b7:00:1d:bc (Air5(ID-1DBC))","SamsungElect_dd:c6:25 (A14 de Walter)","ATT","30","Rcvd Handle Value Notification, Handle: 0x0014 (Unknown: Unknown)"
"2021","672.900544","81:0a:b7:00:1d:bc (Air5(ID-1DBC))","SamsungElect_dd:c6:25 (A14 de Walter)","ATT","30","Rcvd Handle Value Notification, Handle: 0x0014 (Unknown: Unknown)"
"2022","672.990531","81:0a:b7:00:1d:bc (Air5(ID-1DBC))","SamsungElect_dd:c6:25 (A14 de Walter)","ATT","30","Rcvd Handle Value Notification, Handle: 0x0014 (Unknown: Unknown)"
"2023","673.035498","81:0a:b7:00:1d:bc (Air5(ID-1DBC))","SamsungElect_dd:c6:25 (A14 de Walter)","ATT","30","Rcvd Handle Value Notification, Handle: 0x0014 (Unknown: Unknown)"
"2024","673.125730","81:0a:b7:00:1d:bc (Air5(ID-1DBC))","SamsungElect_dd:c6:25 (A14 de Walter)","ATT","30","Rcvd Handle Value Notification, Handle: 0x0014 (Unknown: Unknown)"
"2025","673.215536","81:0a:b7:00:1d:bc (Air5(ID-1DBC))","SamsungElect_dd:c6:25 (A14 de Walter)","ATT","30","Rcvd Handle Value Notification, Handle: 0x0014 (Unknown: Unknown)"
"2026","673.305609","81:0a:b7:00:1d:bc (Air5(ID-1DBC))","SamsungElect_dd:c6:25 (A14 de Walter)","ATT","30","Rcvd Handle Value Notification, Handle: 0x0014 (Unknown: Unknown)"
"2027","673.350532","81:0a:b7:00:1d:bc (Air5(ID-1DBC))","SamsungElect_dd:c6:25 (A14 de Walter)","ATT","30","Rcvd Handle Value Notification, Handle: 0x0014 (Unknown: Unknown)"
"2028","673.440552","81:0a:b7:00:1d:bc (Air5(ID-1DBC))","SamsungElect_dd:c6:25 (A14 de Walter)","ATT","30","Rcvd Handle Value Notification, Handle: 0x0014 (Unknown: Unknown)"
"2029","673.530522","81:0a:b7:00:1d:bc (Air5(ID-1DBC))","SamsungElect_dd:c6:25 (A14 de Walter)","ATT","30","Rcvd Handle Value Notification, Handle: 0x0014 (Unknown: Unknown)"
"2030","673.620654","81:0a:b7:00:1d:bc (Air5(ID-1DBC))","SamsungElect_dd:c6:25 (A14 de Walter)","ATT","30","Rcvd Handle Value Notification, Handle: 0x0014 (Unknown: Unknown)"
"2031","673.665538","81:0a:b7:00:1d:bc (Air5(ID-1DBC))","SamsungElect_dd:c6:25 (A14 de Walter)","ATT","30","Rcvd Handle Value Notification, Handle: 0x0014 (Unknown: Unknown)"
"2032","673.755549","81:0a:b7:00:1d:bc (Air5(ID-1DBC))","SamsungElect_dd:c6:25 (A14 de Walter)","ATT","30","Rcvd Handle Value Notification, Handle: 0x0014 (Unknown: Unknown)"
"2033","673.845534","81:0a:b7:00:1d:bc (Air5(ID-1DBC))","SamsungElect_dd:c6:25 (A14 de Walter)","ATT","30","Rcvd Handle Value Notification, Handle: 0x0014 (Unknown: Unknown)"
"2034","673.935639","81:0a:b7:00:1d:bc (Air5(ID-1DBC))","SamsungElect_dd:c6:25 (A14 de Walter)","ATT","30","Rcvd Handle Value Notification, Handle: 0x0014 (Unknown: Unknown)"
"2035","674.025736","81:0a:b7:00:1d:bc (Air5(ID-1DBC))","SamsungElect_dd:c6:25 (A14 de Walter)","ATT","30","Rcvd Handle Value Notification, Handle: 0x0014 (Unknown: Unknown)"
"2036","674.070528","81:0a:b7:00:1d:bc (Air5(ID-1DBC))","SamsungElect_dd:c6:25 (A14 de Walter)","ATT","30","Rcvd Handle Value Notification, Handle: 0x0014 (Unknown: Unknown)"
"2037","674.160568","81:0a:b7:00:1d:bc (Air5(ID-1DBC))","SamsungElect_dd:c6:25 (A14 de Walter)","ATT","30","Rcvd Handle Value Notification, Handle: 0x0014 (Unknown: Unknown)"
"2038","674.250680","81:0a:b7:00:1d:bc (Air5(ID-1DBC))","SamsungElect_dd:c6:25 (A14 de Walter)","ATT","30","Rcvd Handle Value Notification, Handle: 0x0014 (Unknown: Unknown)"
"2039","674.340520","81:0a:b7:00:1d:bc (Air5(ID-1DBC))","SamsungElect_dd:c6:25 (A14 de Walter)","ATT","30","Rcvd Handle Value Notification, Handle: 0x0014 (Unknown: Unknown)"
"2040","674.385488","81:0a:b7:00:1d:bc (Air5(ID-1DBC))","SamsungElect_dd:c6:25 (A14 de Walter)","ATT","30","Rcvd Handle Value Notification, Handle: 0x0014 (Unknown: Unknown)"
"2041","674.475525","81:0a:b7:00:1d:bc (Air5(ID-1DBC))","SamsungElect_dd:c6:25 (A14 de Walter)","ATT","30","Rcvd Handle Value Notification, Handle: 0x0014 (Unknown: Unknown)"
"2042","674.520564","81:0a:b7:00:1d:bc (Air5(ID-1DBC))","SamsungElect_dd:c6:25 (A14 de Walter)","ATT","30","Rcvd Handle Value Notification, Handle: 0x0014 (Unknown: Unknown)"
"2043","674.610566","81:0a:b7:00:1d:bc (Air5(ID-1DBC))","SamsungElect_dd:c6:25 (A14 de Walter)","ATT","30","Rcvd Handle Value Notification, Handle: 0x0014 (Unknown: Unknown)"
"2044","674.655558","81:0a:b7:00:1d:bc (Air5(ID-1DBC))","SamsungElect_dd:c6:25 (A14 de Walter)","ATT","30","Rcvd Handle Value Notification, Handle: 0x0014 (Unknown: Unknown)"
"2045","674.745552","81:0a:b7:00:1d:bc (Air5(ID-1DBC))","SamsungElect_dd:c6:25 (A14 de Walter)","ATT","30","Rcvd Handle Value Notification, Handle: 0x0014 (Unknown: Unknown)"
"2046","674.835533","81:0a:b7:00:1d:bc (Air5(ID-1DBC))","SamsungElect_dd:c6:25 (A14 de Walter)","ATT","30","Rcvd Handle Value Notification, Handle: 0x0014 (Unknown: Unknown)"
"2047","674.880534","81:0a:b7:00:1d:bc (Air5(ID-1DBC))","SamsungElect_dd:c6:25 (A14 de Walter)","ATT","30","Rcvd Handle Value Notification, Handle: 0x0014 (Unknown: Unknown)"
"2048","674.970534","81:0a:b7:00:1d:bc (Air5(ID-1DBC))","SamsungElect_dd:c6:25 (A14 de Walter)","ATT","30","Rcvd Handle Value Notification, Handle: 0x0014 (Unknown: Unknown)"
"2049","675.015486","81:0a:b7:00:1d:bc (Air5(ID-1DBC))","SamsungElect_dd:c6:25 (A14 de Walter)","ATT","15","Rcvd Handle Value Notification, Handle: 0x0014 (Unknown: Unknown)"
"2060","682.711793","81:0a:b7:00:1d:bc (Air5(ID-1DBC))","SamsungElect_dd:c6:25 (A14 de Walter)","ATT","16","Rcvd Handle Value Notification, Handle: 0x0014 (Unknown: Unknown)"
"2172","693.479081","81:0a:b7:00:1d:bc (Air5(ID-1DBC))","SamsungElect_dd:c6:25 (A14 de Walter)","ATT","22","Rcvd Handle Value Notification, Handle: 0x0014 (Unknown: Unknown)"
"2180","694.591936","81:0a:b7:00:1d:bc (Air5(ID-1DBC))","SamsungElect_dd:c6:25 (A14 de Walter)","ATT","32","Rcvd Handle Value Notification, Handle: 0x0014 (Unknown: Unknown)"
"2181","694.592819","81:0a:b7:00:1d:bc (Air5(ID-1DBC))","SamsungElect_dd:c6:25 (A14 de Walter)","ATT","32","Rcvd Handle Value Notification, Handle: 0x0014 (Unknown: Unknown)"
"2182","694.593408","81:0a:b7:00:1d:bc (Air5(ID-1DBC))","SamsungElect_dd:c6:25 (A14 de Walter)","ATT","32","Rcvd Handle Value Notification, Handle: 0x0014 (Unknown: Unknown)"
"2183","694.905812","81:0a:b7:00:1d:bc (Air5(ID-1DBC))","SamsungElect_dd:c6:25 (A14 de Walter)","ATT","32","Rcvd Handle Value Notification, Handle: 0x0014 (Unknown: Unknown)"
"2184","694.906865","81:0a:b7:00:1d:bc (Air5(ID-1DBC))","SamsungElect_dd:c6:25 (A14 de Walter)","ATT","32","Rcvd Handle Value Notification, Handle: 0x0014 (Unknown: Unknown)"
"2185","694.907867","81:0a:b7:00:1d:bc (Air5(ID-1DBC))","SamsungElect_dd:c6:25 (A14 de Walter)","ATT","32","Rcvd Handle Value Notification, Handle: 0x0014 (Unknown: Unknown)"
"2186","695.220670","81:0a:b7:00:1d:bc (Air5(ID-1DBC))","SamsungElect_dd:c6:25 (A14 de Walter)","ATT","32","Rcvd Handle Value Notification, Handle: 0x0014 (Unknown: Unknown)"
"2187","695.222019","81:0a:b7:00:1d:bc (Air5(ID-1DBC))","SamsungElect_dd:c6:25 (A14 de Walter)","ATT","32","Rcvd Handle Value Notification, Handle: 0x0014 (Unknown: Unknown)"
"2188","695.222689","81:0a:b7:00:1d:bc (Air5(ID-1DBC))","SamsungElect_dd:c6:25 (A14 de Walter)","ATT","32","Rcvd Handle Value Notification, Handle: 0x0014 (Unknown: Unknown)"
"2189","695.535795","81:0a:b7:00:1d:bc (Air5(ID-1DBC))","SamsungElect_dd:c6:25 (A14 de Walter)","ATT","32","Rcvd Handle Value Notification, Handle: 0x0014 (Unknown: Unknown)"
"2190","695.536554","81:0a:b7:00:1d:bc (Air5(ID-1DBC))","SamsungElect_dd:c6:25 (A14 de Walter)","ATT","32","Rcvd Handle Value Notification, Handle: 0x0014 (Unknown: Unknown)"
"2191","695.537188","81:0a:b7:00:1d:bc (Air5(ID-1DBC))","SamsungElect_dd:c6:25 (A14 de Walter)","ATT","32","Rcvd Handle Value Notification, Handle: 0x0014 (Unknown: Unknown)"
"2193","696.165653","81:0a:b7:00:1d:bc (Air5(ID-1DBC))","SamsungElect_dd:c6:25 (A14 de Walter)","ATT","32","Rcvd Handle Value Notification, Handle: 0x0014 (Unknown: Unknown)"
"2194","696.171291","81:0a:b7:00:1d:bc (Air5(ID-1DBC))","SamsungElect_dd:c6:25 (A14 de Walter)","ATT","32","Rcvd Handle Value Notification, Handle: 0x0014 (Unknown: Unknown)"
"2195","696.173164","81:0a:b7:00:1d:bc (Air5(ID-1DBC))","SamsungElect_dd:c6:25 (A14 de Walter)","ATT","32","Rcvd Handle Value Notification, Handle: 0x0014 (Unknown: Unknown)"
"2196","696.212667","81:0a:b7:00:1d:bc (Air5(ID-1DBC))","SamsungElect_dd:c6:25 (A14 de Walter)","ATT","32","Rcvd Handle Value Notification, Handle: 0x0014 (Unknown: Unknown)"
"2197","696.213368","81:0a:b7:00:1d:bc (Air5(ID-1DBC))","SamsungElect_dd:c6:25 (A14 de Walter)","ATT","32","Rcvd Handle Value Notification, Handle: 0x0014 (Unknown: Unknown)"
"2198","696.255670","81:0a:b7:00:1d:bc (Air5(ID-1DBC))","SamsungElect_dd:c6:25 (A14 de Walter)","ATT","32","Rcvd Handle Value Notification, Handle: 0x0014 (Unknown: Unknown)"
"2199","696.256334","81:0a:b7:00:1d:bc (Air5(ID-1DBC))","SamsungElect_dd:c6:25 (A14 de Walter)","ATT","32","Rcvd Handle Value Notification, Handle: 0x0014 (Unknown: Unknown)"
"2200","696.256905","81:0a:b7:00:1d:bc (Air5(ID-1DBC))","SamsungElect_dd:c6:25 (A14 de Walter)","ATT","32","Rcvd Handle Value Notification, Handle: 0x0014 (Unknown: Unknown)"
"2201","696.345753","81:0a:b7:00:1d:bc (Air5(ID-1DBC))","SamsungElect_dd:c6:25 (A14 de Walter)","ATT","32","Rcvd Handle Value Notification, Handle: 0x0014 (Unknown: Unknown)"
"2202","696.480606","81:0a:b7:00:1d:bc (Air5(ID-1DBC))","SamsungElect_dd:c6:25 (A14 de Walter)","ATT","32","Rcvd Handle Value Notification, Handle: 0x0014 (Unknown: Unknown)"
"2203","696.570570","81:0a:b7:00:1d:bc (Air5(ID-1DBC))","SamsungElect_dd:c6:25 (A14 de Walter)","ATT","32","Rcvd Handle Value Notification, Handle: 0x0014 (Unknown: Unknown)"
"2204","696.660614","81:0a:b7:00:1d:bc (Air5(ID-1DBC))","SamsungElect_dd:c6:25 (A14 de Walter)","ATT","32","Rcvd Handle Value Notification, Handle: 0x0014 (Unknown: Unknown)"
"2205","696.750574","81:0a:b7:00:1d:bc (Air5(ID-1DBC))","SamsungElect_dd:c6:25 (A14 de Walter)","ATT","32","Rcvd Handle Value Notification, Handle: 0x0014 (Unknown: Unknown)"
"2206","696.840620","81:0a:b7:00:1d:bc (Air5(ID-1DBC))","SamsungElect_dd:c6:25 (A14 de Walter)","ATT","32","Rcvd Handle Value Notification, Handle: 0x0014 (Unknown: Unknown)"
"2207","696.933709","81:0a:b7:00:1d:bc (Air5(ID-1DBC))","SamsungElect_dd:c6:25 (A14 de Walter)","ATT","32","Rcvd Handle Value Notification, Handle: 0x0014 (Unknown: Unknown)"
"2208","697.020574","81:0a:b7:00:1d:bc (Air5(ID-1DBC))","SamsungElect_dd:c6:25 (A14 de Walter)","ATT","32","Rcvd Handle Value Notification, Handle: 0x0014 (Unknown: Unknown)"
"2209","697.110711","81:0a:b7:00:1d:bc (Air5(ID-1DBC))","SamsungElect_dd:c6:25 (A14 de Walter)","ATT","32","Rcvd Handle Value Notification, Handle: 0x0014 (Unknown: Unknown)"
"2210","697.200734","81:0a:b7:00:1d:bc (Air5(ID-1DBC))","SamsungElect_dd:c6:25 (A14 de Walter)","ATT","32","Rcvd Handle Value Notification, Handle: 0x0014 (Unknown: Unknown)"
"2211","697.290710","81:0a:b7:00:1d:bc (Air5(ID-1DBC))","SamsungElect_dd:c6:25 (A14 de Walter)","ATT","32","Rcvd Handle Value Notification, Handle: 0x0014 (Unknown: Unknown)"
"2212","697.380685","81:0a:b7:00:1d:bc (Air5(ID-1DBC))","SamsungElect_dd:c6:25 (A14 de Walter)","ATT","32","Rcvd Handle Value Notification, Handle: 0x0014 (Unknown: Unknown)"
"2213","697.470530","81:0a:b7:00:1d:bc (Air5(ID-1DBC))","SamsungElect_dd:c6:25 (A14 de Walter)","ATT","32","Rcvd Handle Value Notification, Handle: 0x0014 (Unknown: Unknown)"
"2214","697.515679","81:0a:b7:00:1d:bc (Air5(ID-1DBC))","SamsungElect_dd:c6:25 (A14 de Walter)","ATT","32","Rcvd Handle Value Notification, Handle: 0x0014 (Unknown: Unknown)"
"2215","697.605848","81:0a:b7:00:1d:bc (Air5(ID-1DBC))","SamsungElect_dd:c6:25 (A14 de Walter)","ATT","32","Rcvd Handle Value Notification, Handle: 0x0014 (Unknown: Unknown)"
"2216","697.695890","81:0a:b7:00:1d:bc (Air5(ID-1DBC))","SamsungElect_dd:c6:25 (A14 de Walter)","ATT","32","Rcvd Handle Value Notification, Handle: 0x0014 (Unknown: Unknown)"
"2217","697.740634","81:0a:b7:00:1d:bc (Air5(ID-1DBC))","SamsungElect_dd:c6:25 (A14 de Walter)","ATT","32","Rcvd Handle Value Notification, Handle: 0x0014 (Unknown: Unknown)"
"2218","697.830521","81:0a:b7:00:1d:bc (Air5(ID-1DBC))","SamsungElect_dd:c6:25 (A14 de Walter)","ATT","32","Rcvd Handle Value Notification, Handle: 0x0014 (Unknown: Unknown)"
"2219","697.920555","81:0a:b7:00:1d:bc (Air5(ID-1DBC))","SamsungElect_dd:c6:25 (A14 de Walter)","ATT","32","Rcvd Handle Value Notification, Handle: 0x0014 (Unknown: Unknown)"
"2220","697.965742","81:0a:b7:00:1d:bc (Air5(ID-1DBC))","SamsungElect_dd:c6:25 (A14 de Walter)","ATT","32","Rcvd Handle Value Notification, Handle: 0x0014 (Unknown: Unknown)"
"2221","698.055755","81:0a:b7:00:1d:bc (Air5(ID-1DBC))","SamsungElect_dd:c6:25 (A14 de Walter)","ATT","32","Rcvd Handle Value Notification, Handle: 0x0014 (Unknown: Unknown)"
"2222","698.100633","81:0a:b7:00:1d:bc (Air5(ID-1DBC))","SamsungElect_dd:c6:25 (A14 de Walter)","ATT","32","Rcvd Handle Value Notification, Handle: 0x0014 (Unknown: Unknown)"
"2223","698.190511","81:0a:b7:00:1d:bc (Air5(ID-1DBC))","SamsungElect_dd:c6:25 (A14 de Walter)","ATT","16","Rcvd Handle Value Notification, Handle: 0x0014 (Unknown: Unknown)"
"2227","698.326228","81:0a:b7:00:1d:bc (Air5(ID-1DBC))","SamsungElect_dd:c6:25 (A14 de Walter)","ATT","17","Rcvd Handle Value Notification, Handle: 0x0014 (Unknown: Unknown)"
"2231","698.640462","81:0a:b7:00:1d:bc (Air5(ID-1DBC))","SamsungElect_dd:c6:25 (A14 de Walter)","ATT","19","Rcvd Handle Value Notification, Handle: 0x0014 (Unknown: Unknown)"
"2235","698.730877","81:0a:b7:00:1d:bc (Air5(ID-1DBC))","SamsungElect_dd:c6:25 (A14 de Walter)","ATT","14","Rcvd Handle Value Notification, Handle: 0x0014 (Unknown: Unknown)"
"2239","698.821305","81:0a:b7:00:1d:bc (Air5(ID-1DBC))","SamsungElect_dd:c6:25 (A14 de Walter)","ATT","19","Rcvd Handle Value Notification, Handle: 0x0014 (Unknown: Unknown)"
"2243","698.911084","81:0a:b7:00:1d:bc (Air5(ID-1DBC))","SamsungElect_dd:c6:25 (A14 de Walter)","ATT","19","Rcvd Handle Value Notification, Handle: 0x0014 (Unknown: Unknown)"
"2247","699.001714","81:0a:b7:00:1d:bc (Air5(ID-1DBC))","SamsungElect_dd:c6:25 (A14 de Walter)","ATT","17","Rcvd Handle Value Notification, Handle: 0x0014 (Unknown: Unknown)"
"2251","699.091169","81:0a:b7:00:1d:bc (Air5(ID-1DBC))","SamsungElect_dd:c6:25 (A14 de Walter)","ATT","15","Rcvd Handle Value Notification, Handle: 0x0014 (Unknown: Unknown)"
"2256","699.225616","81:0a:b7:00:1d:bc (Air5(ID-1DBC))","SamsungElect_dd:c6:25 (A14 de Walter)","ATT","15","Rcvd Handle Value Notification, Handle: 0x0014 (Unknown: Unknown)"
"2259","699.271013","81:0a:b7:00:1d:bc (Air5(ID-1DBC))","SamsungElect_dd:c6:25 (A14 de Walter)","ATT","14","Rcvd Handle Value Notification, Handle: 0x0014 (Unknown: Unknown)"
"2263","699.360926","81:0a:b7:00:1d:bc (Air5(ID-1DBC))","SamsungElect_dd:c6:25 (A14 de Walter)","ATT","14","Rcvd Handle Value Notification, Handle: 0x0014 (Unknown: Unknown)"
"2267","699.450974","81:0a:b7:00:1d:bc (Air5(ID-1DBC))","SamsungElect_dd:c6:25 (A14 de Walter)","ATT","32","Rcvd Handle Value Notification, Handle: 0x0014 (Unknown: Unknown)"
"2270","699.586603","81:0a:b7:00:1d:bc (Air5(ID-1DBC))","SamsungElect_dd:c6:25 (A14 de Walter)","ATT","16","Rcvd Handle Value Notification, Handle: 0x001a (Unknown: Unknown)"
"2273","699.675584","81:0a:b7:00:1d:bc (Air5(ID-1DBC))","SamsungElect_dd:c6:25 (A14 de Walter)","ATT","16","Rcvd Handle Value Notification, Handle: 0x001a (Unknown: Unknown)"
"2276","699.766183","81:0a:b7:00:1d:bc (Air5(ID-1DBC))","SamsungElect_dd:c6:25 (A14 de Walter)","ATT","16","Rcvd Handle Value Notification, Handle: 0x001a (Unknown: Unknown)"
"2279","699.990500","81:0a:b7:00:1d:bc (Air5(ID-1DBC))","SamsungElect_dd:c6:25 (A14 de Walter)","ATT","16","Rcvd Handle Value Notification, Handle: 0x001a (Unknown: Unknown)"
"2282","700.080545","81:0a:b7:00:1d:bc (Air5(ID-1DBC))","SamsungElect_dd:c6:25 (A14 de Walter)","ATT","16","Rcvd Handle Value Notification, Handle: 0x001a (Unknown: Unknown)"
"2285","700.170531","81:0a:b7:00:1d:bc (Air5(ID-1DBC))","SamsungElect_dd:c6:25 (A14 de Walter)","ATT","14","Rcvd Handle Value Notification, Handle: 0x001a (Unknown: Unknown)"
"2289","700.260978","81:0a:b7:00:1d:bc (Air5(ID-1DBC))","SamsungElect_dd:c6:25 (A14 de Walter)","ATT","15","Rcvd Handle Value Notification, Handle: 0x001a (Unknown: Unknown)"
"2292","700.396480","81:0a:b7:00:1d:bc (Air5(ID-1DBC))","SamsungElect_dd:c6:25 (A14 de Walter)","ATT","256","Rcvd Handle Value Notification, Handle: 0x001a (Unknown: Unknown)"
"2293","700.441086","81:0a:b7:00:1d:bc (Air5(ID-1DBC))","SamsungElect_dd:c6:25 (A14 de Walter)","ATT","115","Rcvd Handle Value Notification, Handle: 0x001a (Unknown: Unknown)"
"2294","700.485646","81:0a:b7:00:1d:bc (Air5(ID-1DBC))","SamsungElect_dd:c6:25 (A14 de Walter)","ATT","21","Rcvd Handle Value Notification, Handle: 0x001a (Unknown: Unknown)"
"2304","719.476124","81:0a:b7:00:1d:bc (Air5(ID-1DBC))","SamsungElect_dd:c6:25 (A14 de Walter)","ATT","14","Rcvd Handle Value Notification, Handle: 0x0014 (Unknown: Unknown)"
"2311","720.105828","81:0a:b7:00:1d:bc (Air5(ID-1DBC))","SamsungElect_dd:c6:25 (A14 de Walter)","ATT","14","Rcvd Handle Value Notification, Handle: 0x0014 (Unknown: Unknown)"
"2314","720.735572","81:0a:b7:00:1d:bc (Air5(ID-1DBC))","SamsungElect_dd:c6:25 (A14 de Walter)","ATT","14","Rcvd Handle Value Notification, Handle: 0x0014 (Unknown: Unknown)"
"2538","770.282382","81:0a:b7:00:1d:bc (Air5(ID-1DBC))","SamsungElect_dd:c6:25 (A14 de Walter)","ATT","20","Rcvd Handle Value Notification, Handle: 0x0014 (Unknown: Unknown)"
"2542","770.506461","81:0a:b7:00:1d:bc (Air5(ID-1DBC))","SamsungElect_dd:c6:25 (A14 de Walter)","ATT","28","Rcvd Handle Value Notification, Handle: 0x0014 (Unknown: Unknown)"
"2545","770.731658","81:0a:b7:00:1d:bc (Air5(ID-1DBC))","SamsungElect_dd:c6:25 (A14 de Walter)","ATT","43","Rcvd Handle Value Notification, Handle: 0x001a (Unknown: Unknown)"
"2549","770.822110","81:0a:b7:00:1d:bc (Air5(ID-1DBC))","SamsungElect_dd:c6:25 (A14 de Walter)","ATT","14","Rcvd Handle Value Notification, Handle: 0x0014 (Unknown: Unknown)"
"2557","770.958965","81:0a:b7:00:1d:bc (Air5(ID-1DBC))","SamsungElect_dd:c6:25 (A14 de Walter)","ATT","32","Rcvd Handle Value Notification, Handle: 0x0014 (Unknown: Unknown)"
"2561","771.812365","81:0a:b7:00:1d:bc (Air5(ID-1DBC))","SamsungElect_dd:c6:25 (A14 de Walter)","ATT","32","Rcvd Handle Value Notification, Handle: 0x0014 (Unknown: Unknown)"
"2565","772.082091","81:0a:b7:00:1d:bc (Air5(ID-1DBC))","SamsungElect_dd:c6:25 (A14 de Walter)","ATT","32","Rcvd Handle Value Notification, Handle: 0x0014 (Unknown: Unknown)"
"2616","772.261453","81:0a:b7:00:1d:bc (Air5(ID-1DBC))","SamsungElect_dd:c6:25 (A14 de Walter)","ATT","13","Rcvd Handle Value Notification, Handle: 0x0014 (Unknown: Unknown)"
"2621","772.399511","81:0a:b7:00:1d:bc (Air5(ID-1DBC))","SamsungElect_dd:c6:25 (A14 de Walter)","ATT","14","Rcvd Handle Value Notification, Handle: 0x0014 (Unknown: Unknown)"
"2625","772.532490","81:0a:b7:00:1d:bc (Air5(ID-1DBC))","SamsungElect_dd:c6:25 (A14 de Walter)","ATT","32","Rcvd Handle Value Notification, Handle: 0x0014 (Unknown: Unknown)"
"2629","772.711305","81:0a:b7:00:1d:bc (Air5(ID-1DBC))","SamsungElect_dd:c6:25 (A14 de Walter)","ATT","30","Rcvd Handle Value Notification, Handle: 0x0014 (Unknown: Unknown)"
"2630","772.803389","81:0a:b7:00:1d:bc (Air5(ID-1DBC))","SamsungElect_dd:c6:25 (A14 de Walter)","ATT","30","Rcvd Handle Value Notification, Handle: 0x0014 (Unknown: Unknown)"
"2631","772.846374","81:0a:b7:00:1d:bc (Air5(ID-1DBC))","SamsungElect_dd:c6:25 (A14 de Walter)","ATT","30","Rcvd Handle Value Notification, Handle: 0x0014 (Unknown: Unknown)"
"2632","772.936425","81:0a:b7:00:1d:bc (Air5(ID-1DBC))","SamsungElect_dd:c6:25 (A14 de Walter)","ATT","30","Rcvd Handle Value Notification, Handle: 0x0014 (Unknown: Unknown)"
"2633","772.981345","81:0a:b7:00:1d:bc (Air5(ID-1DBC))","SamsungElect_dd:c6:25 (A14 de Walter)","ATT","30","Rcvd Handle Value Notification, Handle: 0x0014 (Unknown: Unknown)"
"2634","773.071378","81:0a:b7:00:1d:bc (Air5(ID-1DBC))","SamsungElect_dd:c6:25 (A14 de Walter)","ATT","30","Rcvd Handle Value Notification, Handle: 0x0014 (Unknown: Unknown)"
"2635","773.161407","81:0a:b7:00:1d:bc (Air5(ID-1DBC))","SamsungElect_dd:c6:25 (A14 de Walter)","ATT","30","Rcvd Handle Value Notification, Handle: 0x0014 (Unknown: Unknown)"
"2636","773.206439","81:0a:b7:00:1d:bc (Air5(ID-1DBC))","SamsungElect_dd:c6:25 (A14 de Walter)","ATT","30","Rcvd Handle Value Notification, Handle: 0x0014 (Unknown: Unknown)"
"2637","773.296495","81:0a:b7:00:1d:bc (Air5(ID-1DBC))","SamsungElect_dd:c6:25 (A14 de Walter)","ATT","30","Rcvd Handle Value Notification, Handle: 0x0014 (Unknown: Unknown)"
"2638","773.341379","81:0a:b7:00:1d:bc (Air5(ID-1DBC))","SamsungElect_dd:c6:25 (A14 de Walter)","ATT","30","Rcvd Handle Value Notification, Handle: 0x0014 (Unknown: Unknown)"
"2639","773.431434","81:0a:b7:00:1d:bc (Air5(ID-1DBC))","SamsungElect_dd:c6:25 (A14 de Walter)","ATT","30","Rcvd Handle Value Notification, Handle: 0x0014 (Unknown: Unknown)"
"2640","773.476414","81:0a:b7:00:1d:bc (Air5(ID-1DBC))","SamsungElect_dd:c6:25 (A14 de Walter)","ATT","30","Rcvd Handle Value Notification, Handle: 0x0014 (Unknown: Unknown)"
"2641","773.566433","81:0a:b7:00:1d:bc (Air5(ID-1DBC))","SamsungElect_dd:c6:25 (A14 de Walter)","ATT","30","Rcvd Handle Value Notification, Handle: 0x0014 (Unknown: Unknown)"
"2642","773.611417","81:0a:b7:00:1d:bc (Air5(ID-1DBC))","SamsungElect_dd:c6:25 (A14 de Walter)","ATT","30","Rcvd Handle Value Notification, Handle: 0x0014 (Unknown: Unknown)"
"2643","773.701618","81:0a:b7:00:1d:bc (Air5(ID-1DBC))","SamsungElect_dd:c6:25 (A14 de Walter)","ATT","30","Rcvd Handle Value Notification, Handle: 0x0014 (Unknown: Unknown)"
"2644","773.791422","81:0a:b7:00:1d:bc (Air5(ID-1DBC))","SamsungElect_dd:c6:25 (A14 de Walter)","ATT","30","Rcvd Handle Value Notification, Handle: 0x0014 (Unknown: Unknown)"
"2645","773.836419","81:0a:b7:00:1d:bc (Air5(ID-1DBC))","SamsungElect_dd:c6:25 (A14 de Walter)","ATT","30","Rcvd Handle Value Notification, Handle: 0x0014 (Unknown: Unknown)"
"2646","773.926647","81:0a:b7:00:1d:bc (Air5(ID-1DBC))","SamsungElect_dd:c6:25 (A14 de Walter)","ATT","30","Rcvd Handle Value Notification, Handle: 0x0014 (Unknown: Unknown)"
"2647","773.971523","81:0a:b7:00:1d:bc (Air5(ID-1DBC))","SamsungElect_dd:c6:25 (A14 de Walter)","ATT","30","Rcvd Handle Value Notification, Handle: 0x0014 (Unknown: Unknown)"
"2648","774.061518","81:0a:b7:00:1d:bc (Air5(ID-1DBC))","SamsungElect_dd:c6:25 (A14 de Walter)","ATT","30","Rcvd Handle Value Notification, Handle: 0x0014 (Unknown: Unknown)"
"2649","774.106526","81:0a:b7:00:1d:bc (Air5(ID-1DBC))","SamsungElect_dd:c6:25 (A14 de Walter)","ATT","30","Rcvd Handle Value Notification, Handle: 0x0014 (Unknown: Unknown)"
"2650","774.196352","81:0a:b7:00:1d:bc (Air5(ID-1DBC))","SamsungElect_dd:c6:25 (A14 de Walter)","ATT","30","Rcvd Handle Value Notification, Handle: 0x0014 (Unknown: Unknown)"
"2651","774.243139","81:0a:b7:00:1d:bc (Air5(ID-1DBC))","SamsungElect_dd:c6:25 (A14 de Walter)","ATT","30","Rcvd Handle Value Notification, Handle: 0x0014 (Unknown: Unknown)"
"2652","774.331420","81:0a:b7:00:1d:bc (Air5(ID-1DBC))","SamsungElect_dd:c6:25 (A14 de Walter)","ATT","30","Rcvd Handle Value Notification, Handle: 0x0014 (Unknown: Unknown)"
"2653","774.421352","81:0a:b7:00:1d:bc (Air5(ID-1DBC))","SamsungElect_dd:c6:25 (A14 de Walter)","ATT","30","Rcvd Handle Value Notification, Handle: 0x0014 (Unknown: Unknown)"
"2654","774.466317","81:0a:b7:00:1d:bc (Air5(ID-1DBC))","SamsungElect_dd:c6:25 (A14 de Walter)","ATT","30","Rcvd Handle Value Notification, Handle: 0x0014 (Unknown: Unknown)"
"2655","774.556285","81:0a:b7:00:1d:bc (Air5(ID-1DBC))","SamsungElect_dd:c6:25 (A14 de Walter)","ATT","30","Rcvd Handle Value Notification, Handle: 0x0014 (Unknown: Unknown)"
"2656","774.601298","81:0a:b7:00:1d:bc (Air5(ID-1DBC))","SamsungElect_dd:c6:25 (A14 de Walter)","ATT","30","Rcvd Handle Value Notification, Handle: 0x0014 (Unknown: Unknown)"
"2671","774.691409","81:0a:b7:00:1d:bc (Air5(ID-1DBC))","SamsungElect_dd:c6:25 (A14 de Walter)","ATT","30","Rcvd Handle Value Notification, Handle: 0x0014 (Unknown: Unknown)"
"2676","774.736446","81:0a:b7:00:1d:bc (Air5(ID-1DBC))","SamsungElect_dd:c6:25 (A14 de Walter)","ATT","30","Rcvd Handle Value Notification, Handle: 0x0014 (Unknown: Unknown)"
"2687","774.826545","81:0a:b7:00:1d:bc (Air5(ID-1DBC))","SamsungElect_dd:c6:25 (A14 de Walter)","ATT","30","Rcvd Handle Value Notification, Handle: 0x0014 (Unknown: Unknown)"
"2706","774.916396","81:0a:b7:00:1d:bc (Air5(ID-1DBC))","SamsungElect_dd:c6:25 (A14 de Walter)","ATT","30","Rcvd Handle Value Notification, Handle: 0x0014 (Unknown: Unknown)"
"2708","774.961531","81:0a:b7:00:1d:bc (Air5(ID-1DBC))","SamsungElect_dd:c6:25 (A14 de Walter)","ATT","30","Rcvd Handle Value Notification, Handle: 0x0014 (Unknown: Unknown)"
"2713","775.051377","81:0a:b7:00:1d:bc (Air5(ID-1DBC))","SamsungElect_dd:c6:25 (A14 de Walter)","ATT","30","Rcvd Handle Value Notification, Handle: 0x0014 (Unknown: Unknown)"
"2714","775.096538","81:0a:b7:00:1d:bc (Air5(ID-1DBC))","SamsungElect_dd:c6:25 (A14 de Walter)","ATT","30","Rcvd Handle Value Notification, Handle: 0x0014 (Unknown: Unknown)"
"2715","775.186435","81:0a:b7:00:1d:bc (Air5(ID-1DBC))","SamsungElect_dd:c6:25 (A14 de Walter)","ATT","30","Rcvd Handle Value Notification, Handle: 0x0014 (Unknown: Unknown)"
"2716","775.231527","81:0a:b7:00:1d:bc (Air5(ID-1DBC))","SamsungElect_dd:c6:25 (A14 de Walter)","ATT","30","Rcvd Handle Value Notification, Handle: 0x0014 (Unknown: Unknown)"
"2717","775.321397","81:0a:b7:00:1d:bc (Air5(ID-1DBC))","SamsungElect_dd:c6:25 (A14 de Walter)","ATT","30","Rcvd Handle Value Notification, Handle: 0x0014 (Unknown: Unknown)"
"2718","775.369510","81:0a:b7:00:1d:bc (Air5(ID-1DBC))","SamsungElect_dd:c6:25 (A14 de Walter)","ATT","30","Rcvd Handle Value Notification, Handle: 0x0014 (Unknown: Unknown)"
"2719","775.456437","81:0a:b7:00:1d:bc (Air5(ID-1DBC))","SamsungElect_dd:c6:25 (A14 de Walter)","ATT","30","Rcvd Handle Value Notification, Handle: 0x0014 (Unknown: Unknown)"
"2720","775.501642","81:0a:b7:00:1d:bc (Air5(ID-1DBC))","SamsungElect_dd:c6:25 (A14 de Walter)","ATT","30","Rcvd Handle Value Notification, Handle: 0x0014 (Unknown: Unknown)"
"2721","775.591428","81:0a:b7:00:1d:bc (Air5(ID-1DBC))","SamsungElect_dd:c6:25 (A14 de Walter)","ATT","30","Rcvd Handle Value Notification, Handle: 0x0014 (Unknown: Unknown)"
"2737","775.681442","81:0a:b7:00:1d:bc (Air5(ID-1DBC))","SamsungElect_dd:c6:25 (A14 de Walter)","ATT","30","Rcvd Handle Value Notification, Handle: 0x0014 (Unknown: Unknown)"
"2750","775.726364","81:0a:b7:00:1d:bc (Air5(ID-1DBC))","SamsungElect_dd:c6:25 (A14 de Walter)","ATT","30","Rcvd Handle Value Notification, Handle: 0x0014 (Unknown: Unknown)"
"2781","775.816370","81:0a:b7:00:1d:bc (Air5(ID-1DBC))","SamsungElect_dd:c6:25 (A14 de Walter)","ATT","30","Rcvd Handle Value Notification, Handle: 0x0014 (Unknown: Unknown)"
"2802","775.861676","81:0a:b7:00:1d:bc (Air5(ID-1DBC))","SamsungElect_dd:c6:25 (A14 de Walter)","ATT","30","Rcvd Handle Value Notification, Handle: 0x0014 (Unknown: Unknown)"
"2808","775.951398","81:0a:b7:00:1d:bc (Air5(ID-1DBC))","SamsungElect_dd:c6:25 (A14 de Walter)","ATT","30","Rcvd Handle Value Notification, Handle: 0x0014 (Unknown: Unknown)"
"2809","775.996691","81:0a:b7:00:1d:bc (Air5(ID-1DBC))","SamsungElect_dd:c6:25 (A14 de Walter)","ATT","30","Rcvd Handle Value Notification, Handle: 0x0014 (Unknown: Unknown)"
"2837","776.086597","81:0a:b7:00:1d:bc (Air5(ID-1DBC))","SamsungElect_dd:c6:25 (A14 de Walter)","ATT","30","Rcvd Handle Value Notification, Handle: 0x0014 (Unknown: Unknown)"
"2875","776.176442","81:0a:b7:00:1d:bc (Air5(ID-1DBC))","SamsungElect_dd:c6:25 (A14 de Walter)","ATT","30","Rcvd Handle Value Notification, Handle: 0x0014 (Unknown: Unknown)"
"2876","776.221633","81:0a:b7:00:1d:bc (Air5(ID-1DBC))","SamsungElect_dd:c6:25 (A14 de Walter)","ATT","30","Rcvd Handle Value Notification, Handle: 0x0014 (Unknown: Unknown)"
"2879","776.311554","81:0a:b7:00:1d:bc (Air5(ID-1DBC))","SamsungElect_dd:c6:25 (A14 de Walter)","ATT","30","Rcvd Handle Value Notification, Handle: 0x0014 (Unknown: Unknown)"
"2880","776.356366","81:0a:b7:00:1d:bc (Air5(ID-1DBC))","SamsungElect_dd:c6:25 (A14 de Walter)","ATT","30","Rcvd Handle Value Notification, Handle: 0x0014 (Unknown: Unknown)"
"2881","776.446501","81:0a:b7:00:1d:bc (Air5(ID-1DBC))","SamsungElect_dd:c6:25 (A14 de Walter)","ATT","30","Rcvd Handle Value Notification, Handle: 0x0014 (Unknown: Unknown)"
"2882","776.492424","81:0a:b7:00:1d:bc (Air5(ID-1DBC))","SamsungElect_dd:c6:25 (A14 de Walter)","ATT","30","Rcvd Handle Value Notification, Handle: 0x0014 (Unknown: Unknown)"
"2883","776.581679","81:0a:b7:00:1d:bc (Air5(ID-1DBC))","SamsungElect_dd:c6:25 (A14 de Walter)","ATT","30","Rcvd Handle Value Notification, Handle: 0x0014 (Unknown: Unknown)"
"2884","776.626535","81:0a:b7:00:1d:bc (Air5(ID-1DBC))","SamsungElect_dd:c6:25 (A14 de Walter)","ATT","30","Rcvd Handle Value Notification, Handle: 0x0014 (Unknown: Unknown)"
"2885","776.716713","81:0a:b7:00:1d:bc (Air5(ID-1DBC))","SamsungElect_dd:c6:25 (A14 de Walter)","ATT","30","Rcvd Handle Value Notification, Handle: 0x0014 (Unknown: Unknown)"
"2886","776.761716","81:0a:b7:00:1d:bc (Air5(ID-1DBC))","SamsungElect_dd:c6:25 (A14 de Walter)","ATT","30","Rcvd Handle Value Notification, Handle: 0x0014 (Unknown: Unknown)"
"2887","776.852040","81:0a:b7:00:1d:bc (Air5(ID-1DBC))","SamsungElect_dd:c6:25 (A14 de Walter)","ATT","30","Rcvd Handle Value Notification, Handle: 0x0014 (Unknown: Unknown)"
"2915","776.941470","81:0a:b7:00:1d:bc (Air5(ID-1DBC))","SamsungElect_dd:c6:25 (A14 de Walter)","ATT","30","Rcvd Handle Value Notification, Handle: 0x0014 (Unknown: Unknown)"
"2922","776.986457","81:0a:b7:00:1d:bc (Air5(ID-1DBC))","SamsungElect_dd:c6:25 (A14 de Walter)","ATT","30","Rcvd Handle Value Notification, Handle: 0x0014 (Unknown: Unknown)"
"2923","777.076474","81:0a:b7:00:1d:bc (Air5(ID-1DBC))","SamsungElect_dd:c6:25 (A14 de Walter)","ATT","30","Rcvd Handle Value Notification, Handle: 0x0014 (Unknown: Unknown)"
"2924","777.121317","81:0a:b7:00:1d:bc (Air5(ID-1DBC))","SamsungElect_dd:c6:25 (A14 de Walter)","ATT","30","Rcvd Handle Value Notification, Handle: 0x0014 (Unknown: Unknown)"
"2925","777.211606","81:0a:b7:00:1d:bc (Air5(ID-1DBC))","SamsungElect_dd:c6:25 (A14 de Walter)","ATT","30","Rcvd Handle Value Notification, Handle: 0x0014 (Unknown: Unknown)"
"2929","777.257950","81:0a:b7:00:1d:bc (Air5(ID-1DBC))","SamsungElect_dd:c6:25 (A14 de Walter)","ATT","30","Rcvd Handle Value Notification, Handle: 0x0014 (Unknown: Unknown)"
"2962","777.346504","81:0a:b7:00:1d:bc (Air5(ID-1DBC))","SamsungElect_dd:c6:25 (A14 de Walter)","ATT","30","Rcvd Handle Value Notification, Handle: 0x0014 (Unknown: Unknown)"
"2963","777.391553","81:0a:b7:00:1d:bc (Air5(ID-1DBC))","SamsungElect_dd:c6:25 (A14 de Walter)","ATT","30","Rcvd Handle Value Notification, Handle: 0x0014 (Unknown: Unknown)"
"2964","777.481499","81:0a:b7:00:1d:bc (Air5(ID-1DBC))","SamsungElect_dd:c6:25 (A14 de Walter)","ATT","30","Rcvd Handle Value Notification, Handle: 0x0014 (Unknown: Unknown)"
"2965","777.571424","81:0a:b7:00:1d:bc (Air5(ID-1DBC))","SamsungElect_dd:c6:25 (A14 de Walter)","ATT","30","Rcvd Handle Value Notification, Handle: 0x0014 (Unknown: Unknown)"
"2966","777.616343","81:0a:b7:00:1d:bc (Air5(ID-1DBC))","SamsungElect_dd:c6:25 (A14 de Walter)","ATT","30","Rcvd Handle Value Notification, Handle: 0x0014 (Unknown: Unknown)"
"2967","777.706452","81:0a:b7:00:1d:bc (Air5(ID-1DBC))","SamsungElect_dd:c6:25 (A14 de Walter)","ATT","30","Rcvd Handle Value Notification, Handle: 0x0014 (Unknown: Unknown)"
"2968","777.751361","81:0a:b7:00:1d:bc (Air5(ID-1DBC))","SamsungElect_dd:c6:25 (A14 de Walter)","ATT","30","Rcvd Handle Value Notification, Handle: 0x0014 (Unknown: Unknown)"
"2969","777.841430","81:0a:b7:00:1d:bc (Air5(ID-1DBC))","SamsungElect_dd:c6:25 (A14 de Walter)","ATT","30","Rcvd Handle Value Notification, Handle: 0x0014 (Unknown: Unknown)"
"2970","777.886646","81:0a:b7:00:1d:bc (Air5(ID-1DBC))","SamsungElect_dd:c6:25 (A14 de Walter)","ATT","30","Rcvd Handle Value Notification, Handle: 0x0014 (Unknown: Unknown)"
"2971","777.976335","81:0a:b7:00:1d:bc (Air5(ID-1DBC))","SamsungElect_dd:c6:25 (A14 de Walter)","ATT","30","Rcvd Handle Value Notification, Handle: 0x0014 (Unknown: Unknown)"
"2972","778.021360","81:0a:b7:00:1d:bc (Air5(ID-1DBC))","SamsungElect_dd:c6:25 (A14 de Walter)","ATT","30","Rcvd Handle Value Notification, Handle: 0x0014 (Unknown: Unknown)"
"2973","778.111349","81:0a:b7:00:1d:bc (Air5(ID-1DBC))","SamsungElect_dd:c6:25 (A14 de Walter)","ATT","30","Rcvd Handle Value Notification, Handle: 0x0014 (Unknown: Unknown)"
"2974","778.201491","81:0a:b7:00:1d:bc (Air5(ID-1DBC))","SamsungElect_dd:c6:25 (A14 de Walter)","ATT","30","Rcvd Handle Value Notification, Handle: 0x0014 (Unknown: Unknown)"
"2975","778.246412","81:0a:b7:00:1d:bc (Air5(ID-1DBC))","SamsungElect_dd:c6:25 (A14 de Walter)","ATT","30","Rcvd Handle Value Notification, Handle: 0x0014 (Unknown: Unknown)"
"2976","778.336524","81:0a:b7:00:1d:bc (Air5(ID-1DBC))","SamsungElect_dd:c6:25 (A14 de Walter)","ATT","30","Rcvd Handle Value Notification, Handle: 0x0014 (Unknown: Unknown)"
"2977","778.381363","81:0a:b7:00:1d:bc (Air5(ID-1DBC))","SamsungElect_dd:c6:25 (A14 de Walter)","ATT","30","Rcvd Handle Value Notification, Handle: 0x0014 (Unknown: Unknown)"
"2978","778.471366","81:0a:b7:00:1d:bc (Air5(ID-1DBC))","SamsungElect_dd:c6:25 (A14 de Walter)","ATT","30","Rcvd Handle Value Notification, Handle: 0x0014 (Unknown: Unknown)"
"2979","778.516379","81:0a:b7:00:1d:bc (Air5(ID-1DBC))","SamsungElect_dd:c6:25 (A14 de Walter)","ATT","30","Rcvd Handle Value Notification, Handle: 0x0014 (Unknown: Unknown)"
"2980","778.606369","81:0a:b7:00:1d:bc (Air5(ID-1DBC))","SamsungElect_dd:c6:25 (A14 de Walter)","ATT","30","Rcvd Handle Value Notification, Handle: 0x0014 (Unknown: Unknown)"
"2981","778.652177","81:0a:b7:00:1d:bc (Air5(ID-1DBC))","SamsungElect_dd:c6:25 (A14 de Walter)","ATT","30","Rcvd Handle Value Notification, Handle: 0x0014 (Unknown: Unknown)"
"2982","778.742675","81:0a:b7:00:1d:bc (Air5(ID-1DBC))","SamsungElect_dd:c6:25 (A14 de Walter)","ATT","30","Rcvd Handle Value Notification, Handle: 0x0014 (Unknown: Unknown)"
"2983","778.831630","81:0a:b7:00:1d:bc (Air5(ID-1DBC))","SamsungElect_dd:c6:25 (A14 de Walter)","ATT","30","Rcvd Handle Value Notification, Handle: 0x0014 (Unknown: Unknown)"
"2984","778.876726","81:0a:b7:00:1d:bc (Air5(ID-1DBC))","SamsungElect_dd:c6:25 (A14 de Walter)","ATT","30","Rcvd Handle Value Notification, Handle: 0x0014 (Unknown: Unknown)"
"2985","778.966409","81:0a:b7:00:1d:bc (Air5(ID-1DBC))","SamsungElect_dd:c6:25 (A14 de Walter)","ATT","30","Rcvd Handle Value Notification, Handle: 0x0014 (Unknown: Unknown)"
"2986","779.011490","81:0a:b7:00:1d:bc (Air5(ID-1DBC))","SamsungElect_dd:c6:25 (A14 de Walter)","ATT","30","Rcvd Handle Value Notification, Handle: 0x0014 (Unknown: Unknown)"
"2987","779.101527","81:0a:b7:00:1d:bc (Air5(ID-1DBC))","SamsungElect_dd:c6:25 (A14 de Walter)","ATT","30","Rcvd Handle Value Notification, Handle: 0x0014 (Unknown: Unknown)"
"2988","779.146433","81:0a:b7:00:1d:bc (Air5(ID-1DBC))","SamsungElect_dd:c6:25 (A14 de Walter)","ATT","30","Rcvd Handle Value Notification, Handle: 0x0014 (Unknown: Unknown)"
"2989","779.326462","81:0a:b7:00:1d:bc (Air5(ID-1DBC))","SamsungElect_dd:c6:25 (A14 de Walter)","ATT","30","Rcvd Handle Value Notification, Handle: 0x0014 (Unknown: Unknown)"
"2990","779.371478","81:0a:b7:00:1d:bc (Air5(ID-1DBC))","SamsungElect_dd:c6:25 (A14 de Walter)","ATT","30","Rcvd Handle Value Notification, Handle: 0x0014 (Unknown: Unknown)"
"2991","779.462538","81:0a:b7:00:1d:bc (Air5(ID-1DBC))","SamsungElect_dd:c6:25 (A14 de Walter)","ATT","15","Rcvd Handle Value Notification, Handle: 0x0014 (Unknown: Unknown)"
"3016","779.776259","81:0a:b7:00:1d:bc (Air5(ID-1DBC))","SamsungElect_dd:c6:25 (A14 de Walter)","ATT","19","Rcvd Handle Value Notification, Handle: 0x0014 (Unknown: Unknown)"
"3017","779.779106","81:0a:b7:00:1d:bc (Air5(ID-1DBC))","SamsungElect_dd:c6:25 (A14 de Walter)","ATT","253","Rcvd Handle Value Notification, Handle: 0x001a (Unknown: Unknown)"
"3043","779.867940","81:0a:b7:00:1d:bc (Air5(ID-1DBC))","SamsungElect_dd:c6:25 (A14 de Walter)","ATT","25","Rcvd Handle Value Notification, Handle: 0x001a (Unknown: Unknown)"
"3059","779.911368","81:0a:b7:00:1d:bc (Air5(ID-1DBC))","SamsungElect_dd:c6:25 (A14 de Walter)","ATT","19","Rcvd Handle Value Notification, Handle: 0x0014 (Unknown: Unknown)"
"3060","779.913360","81:0a:b7:00:1d:bc (Air5(ID-1DBC))","SamsungElect_dd:c6:25 (A14 de Walter)","ATT","175","Rcvd Handle Value Notification, Handle: 0x001a (Unknown: Unknown)"
"3061","779.956345","81:0a:b7:00:1d:bc (Air5(ID-1DBC))","SamsungElect_dd:c6:25 (A14 de Walter)","ATT","19","Rcvd Handle Value Notification, Handle: 0x0014 (Unknown: Unknown)"
"3062","779.960161","81:0a:b7:00:1d:bc (Air5(ID-1DBC))","SamsungElect_dd:c6:25 (A14 de Walter)","ATT","187","Rcvd Handle Value Notification, Handle: 0x001a (Unknown: Unknown)"
"3063","780.046337","81:0a:b7:00:1d:bc (Air5(ID-1DBC))","SamsungElect_dd:c6:25 (A14 de Walter)","ATT","19","Rcvd Handle Value Notification, Handle: 0x0014 (Unknown: Unknown)"
"3064","780.048758","81:0a:b7:00:1d:bc (Air5(ID-1DBC))","SamsungElect_dd:c6:25 (A14 de Walter)","ATT","253","Rcvd Handle Value Notification, Handle: 0x001a (Unknown: Unknown)"
"3065","780.091969","81:0a:b7:00:1d:bc (Air5(ID-1DBC))","SamsungElect_dd:c6:25 (A14 de Walter)","ATT","67","Rcvd Handle Value Notification, Handle: 0x001a (Unknown: Unknown)"
"3066","780.137364","81:0a:b7:00:1d:bc (Air5(ID-1DBC))","SamsungElect_dd:c6:25 (A14 de Walter)","ATT","19","Rcvd Handle Value Notification, Handle: 0x0014 (Unknown: Unknown)"
"3067","780.139462","81:0a:b7:00:1d:bc (Air5(ID-1DBC))","SamsungElect_dd:c6:25 (A14 de Walter)","ATT","253","Rcvd Handle Value Notification, Handle: 0x001a (Unknown: Unknown)"
"3068","780.227532","81:0a:b7:00:1d:bc (Air5(ID-1DBC))","SamsungElect_dd:c6:25 (A14 de Walter)","ATT","145","Rcvd Handle Value Notification, Handle: 0x001a (Unknown: Unknown)"
"3069","780.271692","81:0a:b7:00:1d:bc (Air5(ID-1DBC))","SamsungElect_dd:c6:25 (A14 de Walter)","ATT","19","Rcvd Handle Value Notification, Handle: 0x0014 (Unknown: Unknown)"
"3070","780.273857","81:0a:b7:00:1d:bc (Air5(ID-1DBC))","SamsungElect_dd:c6:25 (A14 de Walter)","ATT","157","Rcvd Handle Value Notification, Handle: 0x001a (Unknown: Unknown)"
"3071","780.316309","81:0a:b7:00:1d:bc (Air5(ID-1DBC))","SamsungElect_dd:c6:25 (A14 de Walter)","ATT","19","Rcvd Handle Value Notification, Handle: 0x0014 (Unknown: Unknown)"
"3072","780.318775","81:0a:b7:00:1d:bc (Air5(ID-1DBC))","SamsungElect_dd:c6:25 (A14 de Walter)","ATT","241","Rcvd Handle Value Notification, Handle: 0x001a (Unknown: Unknown)"
"3073","780.406500","81:0a:b7:00:1d:bc (Air5(ID-1DBC))","SamsungElect_dd:c6:25 (A14 de Walter)","ATT","14","Rcvd Handle Value Notification, Handle: 0x0014 (Unknown: Unknown)"
"3080","781.486534","81:0a:b7:00:1d:bc (Air5(ID-1DBC))","SamsungElect_dd:c6:25 (A14 de Walter)","ATT","30","Rcvd Handle Value Notification, Handle: 0x0014 (Unknown: Unknown)"
"3081","781.576543","81:0a:b7:00:1d:bc (Air5(ID-1DBC))","SamsungElect_dd:c6:25 (A14 de Walter)","ATT","30","Rcvd Handle Value Notification, Handle: 0x0014 (Unknown: Unknown)"
"3082","781.621490","81:0a:b7:00:1d:bc (Air5(ID-1DBC))","SamsungElect_dd:c6:25 (A14 de Walter)","ATT","30","Rcvd Handle Value Notification, Handle: 0x0014 (Unknown: Unknown)"
"3083","781.711453","81:0a:b7:00:1d:bc (Air5(ID-1DBC))","SamsungElect_dd:c6:25 (A14 de Walter)","ATT","30","Rcvd Handle Value Notification, Handle: 0x0014 (Unknown: Unknown)"
"3084","781.801478","81:0a:b7:00:1d:bc (Air5(ID-1DBC))","SamsungElect_dd:c6:25 (A14 de Walter)","ATT","30","Rcvd Handle Value Notification, Handle: 0x0014 (Unknown: Unknown)"
"3085","781.891505","81:0a:b7:00:1d:bc (Air5(ID-1DBC))","SamsungElect_dd:c6:25 (A14 de Walter)","ATT","30","Rcvd Handle Value Notification, Handle: 0x0014 (Unknown: Unknown)"
"3086","781.936429","81:0a:b7:00:1d:bc (Air5(ID-1DBC))","SamsungElect_dd:c6:25 (A14 de Walter)","ATT","30","Rcvd Handle Value Notification, Handle: 0x0014 (Unknown: Unknown)"
"3087","782.028254","81:0a:b7:00:1d:bc (Air5(ID-1DBC))","SamsungElect_dd:c6:25 (A14 de Walter)","ATT","30","Rcvd Handle Value Notification, Handle: 0x0014 (Unknown: Unknown)"
"3088","782.116385","81:0a:b7:00:1d:bc (Air5(ID-1DBC))","SamsungElect_dd:c6:25 (A14 de Walter)","ATT","30","Rcvd Handle Value Notification, Handle: 0x0014 (Unknown: Unknown)"
"3093","782.206370","81:0a:b7:00:1d:bc (Air5(ID-1DBC))","SamsungElect_dd:c6:25 (A14 de Walter)","ATT","30","Rcvd Handle Value Notification, Handle: 0x0014 (Unknown: Unknown)"
"3101","782.296366","81:0a:b7:00:1d:bc (Air5(ID-1DBC))","SamsungElect_dd:c6:25 (A14 de Walter)","ATT","30","Rcvd Handle Value Notification, Handle: 0x0014 (Unknown: Unknown)"
"3102","782.341509","81:0a:b7:00:1d:bc (Air5(ID-1DBC))","SamsungElect_dd:c6:25 (A14 de Walter)","ATT","30","Rcvd Handle Value Notification, Handle: 0x0014 (Unknown: Unknown)"
"3103","782.432629","81:0a:b7:00:1d:bc (Air5(ID-1DBC))","SamsungElect_dd:c6:25 (A14 de Walter)","ATT","30","Rcvd Handle Value Notification, Handle: 0x0014 (Unknown: Unknown)"
"3104","782.521459","81:0a:b7:00:1d:bc (Air5(ID-1DBC))","SamsungElect_dd:c6:25 (A14 de Walter)","ATT","30","Rcvd Handle Value Notification, Handle: 0x0014 (Unknown: Unknown)"
"3105","782.611752","81:0a:b7:00:1d:bc (Air5(ID-1DBC))","SamsungElect_dd:c6:25 (A14 de Walter)","ATT","30","Rcvd Handle Value Notification, Handle: 0x0014 (Unknown: Unknown)"
"3106","782.656389","81:0a:b7:00:1d:bc (Air5(ID-1DBC))","SamsungElect_dd:c6:25 (A14 de Walter)","ATT","30","Rcvd Handle Value Notification, Handle: 0x0014 (Unknown: Unknown)"
"3107","782.746678","81:0a:b7:00:1d:bc (Air5(ID-1DBC))","SamsungElect_dd:c6:25 (A14 de Walter)","ATT","30","Rcvd Handle Value Notification, Handle: 0x0014 (Unknown: Unknown)"
"3108","782.837927","81:0a:b7:00:1d:bc (Air5(ID-1DBC))","SamsungElect_dd:c6:25 (A14 de Walter)","ATT","30","Rcvd Handle Value Notification, Handle: 0x0014 (Unknown: Unknown)"
"3109","782.926343","81:0a:b7:00:1d:bc (Air5(ID-1DBC))","SamsungElect_dd:c6:25 (A14 de Walter)","ATT","30","Rcvd Handle Value Notification, Handle: 0x0014 (Unknown: Unknown)"
"3110","783.016577","81:0a:b7:00:1d:bc (Air5(ID-1DBC))","SamsungElect_dd:c6:25 (A14 de Walter)","ATT","30","Rcvd Handle Value Notification, Handle: 0x0014 (Unknown: Unknown)"
"3111","783.061441","81:0a:b7:00:1d:bc (Air5(ID-1DBC))","SamsungElect_dd:c6:25 (A14 de Walter)","ATT","30","Rcvd Handle Value Notification, Handle: 0x0014 (Unknown: Unknown)"
"3112","783.156889","81:0a:b7:00:1d:bc (Air5(ID-1DBC))","SamsungElect_dd:c6:25 (A14 de Walter)","ATT","30","Rcvd Handle Value Notification, Handle: 0x0014 (Unknown: Unknown)"
"3113","783.241478","81:0a:b7:00:1d:bc (Air5(ID-1DBC))","SamsungElect_dd:c6:25 (A14 de Walter)","ATT","30","Rcvd Handle Value Notification, Handle: 0x0014 (Unknown: Unknown)"
"3114","783.331376","81:0a:b7:00:1d:bc (Air5(ID-1DBC))","SamsungElect_dd:c6:25 (A14 de Walter)","ATT","30","Rcvd Handle Value Notification, Handle: 0x0014 (Unknown: Unknown)"
"3115","783.376436","81:0a:b7:00:1d:bc (Air5(ID-1DBC))","SamsungElect_dd:c6:25 (A14 de Walter)","ATT","30","Rcvd Handle Value Notification, Handle: 0x0014 (Unknown: Unknown)"
"3116","783.466360","81:0a:b7:00:1d:bc (Air5(ID-1DBC))","SamsungElect_dd:c6:25 (A14 de Walter)","ATT","30","Rcvd Handle Value Notification, Handle: 0x0014 (Unknown: Unknown)"
"3117","783.557277","81:0a:b7:00:1d:bc (Air5(ID-1DBC))","SamsungElect_dd:c6:25 (A14 de Walter)","ATT","30","Rcvd Handle Value Notification, Handle: 0x0014 (Unknown: Unknown)"
"3118","783.646765","81:0a:b7:00:1d:bc (Air5(ID-1DBC))","SamsungElect_dd:c6:25 (A14 de Walter)","ATT","30","Rcvd Handle Value Notification, Handle: 0x0014 (Unknown: Unknown)"
"3119","783.736556","81:0a:b7:00:1d:bc (Air5(ID-1DBC))","SamsungElect_dd:c6:25 (A14 de Walter)","ATT","30","Rcvd Handle Value Notification, Handle: 0x0014 (Unknown: Unknown)"
"3120","783.781355","81:0a:b7:00:1d:bc (Air5(ID-1DBC))","SamsungElect_dd:c6:25 (A14 de Walter)","ATT","30","Rcvd Handle Value Notification, Handle: 0x0014 (Unknown: Unknown)"
"3121","783.871440","81:0a:b7:00:1d:bc (Air5(ID-1DBC))","SamsungElect_dd:c6:25 (A14 de Walter)","ATT","30","Rcvd Handle Value Notification, Handle: 0x0014 (Unknown: Unknown)"
"3122","783.961804","81:0a:b7:00:1d:bc (Air5(ID-1DBC))","SamsungElect_dd:c6:25 (A14 de Walter)","ATT","30","Rcvd Handle Value Notification, Handle: 0x0014 (Unknown: Unknown)"
"3123","784.051490","81:0a:b7:00:1d:bc (Air5(ID-1DBC))","SamsungElect_dd:c6:25 (A14 de Walter)","ATT","30","Rcvd Handle Value Notification, Handle: 0x0014 (Unknown: Unknown)"
"3124","784.096383","81:0a:b7:00:1d:bc (Air5(ID-1DBC))","SamsungElect_dd:c6:25 (A14 de Walter)","ATT","30","Rcvd Handle Value Notification, Handle: 0x0014 (Unknown: Unknown)"
"3125","784.186293","81:0a:b7:00:1d:bc (Air5(ID-1DBC))","SamsungElect_dd:c6:25 (A14 de Walter)","ATT","30","Rcvd Handle Value Notification, Handle: 0x0014 (Unknown: Unknown)"
"3126","784.282149","81:0a:b7:00:1d:bc (Air5(ID-1DBC))","SamsungElect_dd:c6:25 (A14 de Walter)","ATT","30","Rcvd Handle Value Notification, Handle: 0x0014 (Unknown: Unknown)"
"3127","784.366340","81:0a:b7:00:1d:bc (Air5(ID-1DBC))","SamsungElect_dd:c6:25 (A14 de Walter)","ATT","30","Rcvd Handle Value Notification, Handle: 0x0014 (Unknown: Unknown)"
"3128","784.456357","81:0a:b7:00:1d:bc (Air5(ID-1DBC))","SamsungElect_dd:c6:25 (A14 de Walter)","ATT","30","Rcvd Handle Value Notification, Handle: 0x0014 (Unknown: Unknown)"
"3129","784.501547","81:0a:b7:00:1d:bc (Air5(ID-1DBC))","SamsungElect_dd:c6:25 (A14 de Walter)","ATT","30","Rcvd Handle Value Notification, Handle: 0x0014 (Unknown: Unknown)"
"3130","784.591367","81:0a:b7:00:1d:bc (Air5(ID-1DBC))","SamsungElect_dd:c6:25 (A14 de Walter)","ATT","30","Rcvd Handle Value Notification, Handle: 0x0014 (Unknown: Unknown)"
"3131","784.681705","81:0a:b7:00:1d:bc (Air5(ID-1DBC))","SamsungElect_dd:c6:25 (A14 de Walter)","ATT","30","Rcvd Handle Value Notification, Handle: 0x0014 (Unknown: Unknown)"
"3132","784.771964","81:0a:b7:00:1d:bc (Air5(ID-1DBC))","SamsungElect_dd:c6:25 (A14 de Walter)","ATT","30","Rcvd Handle Value Notification, Handle: 0x0014 (Unknown: Unknown)"
"3133","784.816285","81:0a:b7:00:1d:bc (Air5(ID-1DBC))","SamsungElect_dd:c6:25 (A14 de Walter)","ATT","30","Rcvd Handle Value Notification, Handle: 0x0014 (Unknown: Unknown)"
"3134","784.906699","81:0a:b7:00:1d:bc (Air5(ID-1DBC))","SamsungElect_dd:c6:25 (A14 de Walter)","ATT","30","Rcvd Handle Value Notification, Handle: 0x0014 (Unknown: Unknown)"
"3135","784.996643","81:0a:b7:00:1d:bc (Air5(ID-1DBC))","SamsungElect_dd:c6:25 (A14 de Walter)","ATT","30","Rcvd Handle Value Notification, Handle: 0x0014 (Unknown: Unknown)"
"3136","785.086332","81:0a:b7:00:1d:bc (Air5(ID-1DBC))","SamsungElect_dd:c6:25 (A14 de Walter)","ATT","30","Rcvd Handle Value Notification, Handle: 0x0014 (Unknown: Unknown)"
"3137","785.176645","81:0a:b7:00:1d:bc (Air5(ID-1DBC))","SamsungElect_dd:c6:25 (A14 de Walter)","ATT","30","Rcvd Handle Value Notification, Handle: 0x0014 (Unknown: Unknown)"
"3138","785.266360","81:0a:b7:00:1d:bc (Air5(ID-1DBC))","SamsungElect_dd:c6:25 (A14 de Walter)","ATT","30","Rcvd Handle Value Notification, Handle: 0x0014 (Unknown: Unknown)"
"3139","785.311435","81:0a:b7:00:1d:bc (Air5(ID-1DBC))","SamsungElect_dd:c6:25 (A14 de Walter)","ATT","30","Rcvd Handle Value Notification, Handle: 0x0014 (Unknown: Unknown)"
"3140","785.407650","81:0a:b7:00:1d:bc (Air5(ID-1DBC))","SamsungElect_dd:c6:25 (A14 de Walter)","ATT","30","Rcvd Handle Value Notification, Handle: 0x0014 (Unknown: Unknown)"
"3141","785.491608","81:0a:b7:00:1d:bc (Air5(ID-1DBC))","SamsungElect_dd:c6:25 (A14 de Walter)","ATT","30","Rcvd Handle Value Notification, Handle: 0x0014 (Unknown: Unknown)"
"3142","785.581320","81:0a:b7:00:1d:bc (Air5(ID-1DBC))","SamsungElect_dd:c6:25 (A14 de Walter)","ATT","30","Rcvd Handle Value Notification, Handle: 0x0014 (Unknown: Unknown)"
"3143","785.626436","81:0a:b7:00:1d:bc (Air5(ID-1DBC))","SamsungElect_dd:c6:25 (A14 de Walter)","ATT","30","Rcvd Handle Value Notification, Handle: 0x0014 (Unknown: Unknown)"
"3144","785.716382","81:0a:b7:00:1d:bc (Air5(ID-1DBC))","SamsungElect_dd:c6:25 (A14 de Walter)","ATT","30","Rcvd Handle Value Notification, Handle: 0x0014 (Unknown: Unknown)"
"3145","785.806406","81:0a:b7:00:1d:bc (Air5(ID-1DBC))","SamsungElect_dd:c6:25 (A14 de Walter)","ATT","30","Rcvd Handle Value Notification, Handle: 0x0014 (Unknown: Unknown)"
"3146","785.896540","81:0a:b7:00:1d:bc (Air5(ID-1DBC))","SamsungElect_dd:c6:25 (A14 de Walter)","ATT","30","Rcvd Handle Value Notification, Handle: 0x0014 (Unknown: Unknown)"
"3147","785.941708","81:0a:b7:00:1d:bc (Air5(ID-1DBC))","SamsungElect_dd:c6:25 (A14 de Walter)","ATT","30","Rcvd Handle Value Notification, Handle: 0x0014 (Unknown: Unknown)"
"3148","786.031426","81:0a:b7:00:1d:bc (Air5(ID-1DBC))","SamsungElect_dd:c6:25 (A14 de Walter)","ATT","30","Rcvd Handle Value Notification, Handle: 0x0014 (Unknown: Unknown)"
"3149","786.121366","81:0a:b7:00:1d:bc (Air5(ID-1DBC))","SamsungElect_dd:c6:25 (A14 de Walter)","ATT","30","Rcvd Handle Value Notification, Handle: 0x0014 (Unknown: Unknown)"
"3150","786.211543","81:0a:b7:00:1d:bc (Air5(ID-1DBC))","SamsungElect_dd:c6:25 (A14 de Walter)","ATT","30","Rcvd Handle Value Notification, Handle: 0x0014 (Unknown: Unknown)"
"3151","786.256341","81:0a:b7:00:1d:bc (Air5(ID-1DBC))","SamsungElect_dd:c6:25 (A14 de Walter)","ATT","30","Rcvd Handle Value Notification, Handle: 0x0014 (Unknown: Unknown)"
"3152","786.346377","81:0a:b7:00:1d:bc (Air5(ID-1DBC))","SamsungElect_dd:c6:25 (A14 de Walter)","ATT","30","Rcvd Handle Value Notification, Handle: 0x0014 (Unknown: Unknown)"
"3153","786.391500","81:0a:b7:00:1d:bc (Air5(ID-1DBC))","SamsungElect_dd:c6:25 (A14 de Walter)","ATT","30","Rcvd Handle Value Notification, Handle: 0x0014 (Unknown: Unknown)"
"3154","786.481460","81:0a:b7:00:1d:bc (Air5(ID-1DBC))","SamsungElect_dd:c6:25 (A14 de Walter)","ATT","30","Rcvd Handle Value Notification, Handle: 0x0014 (Unknown: Unknown)"
"3155","786.571423","81:0a:b7:00:1d:bc (Air5(ID-1DBC))","SamsungElect_dd:c6:25 (A14 de Walter)","ATT","30","Rcvd Handle Value Notification, Handle: 0x0014 (Unknown: Unknown)"
"3156","786.616598","81:0a:b7:00:1d:bc (Air5(ID-1DBC))","SamsungElect_dd:c6:25 (A14 de Walter)","ATT","30","Rcvd Handle Value Notification, Handle: 0x0014 (Unknown: Unknown)"
"3157","786.706503","81:0a:b7:00:1d:bc (Air5(ID-1DBC))","SamsungElect_dd:c6:25 (A14 de Walter)","ATT","30","Rcvd Handle Value Notification, Handle: 0x0014 (Unknown: Unknown)"
"3158","786.751491","81:0a:b7:00:1d:bc (Air5(ID-1DBC))","SamsungElect_dd:c6:25 (A14 de Walter)","ATT","30","Rcvd Handle Value Notification, Handle: 0x0014 (Unknown: Unknown)"
"3159","786.841532","81:0a:b7:00:1d:bc (Air5(ID-1DBC))","SamsungElect_dd:c6:25 (A14 de Walter)","ATT","30","Rcvd Handle Value Notification, Handle: 0x0014 (Unknown: Unknown)"
"3160","786.886406","81:0a:b7:00:1d:bc (Air5(ID-1DBC))","SamsungElect_dd:c6:25 (A14 de Walter)","ATT","15","Rcvd Handle Value Notification, Handle: 0x0014 (Unknown: Unknown)"
"3164","786.976762","81:0a:b7:00:1d:bc (Air5(ID-1DBC))","SamsungElect_dd:c6:25 (A14 de Walter)","ATT","16","Rcvd Handle Value Notification, Handle: 0x0014 (Unknown: Unknown)"
"3168","787.067054","81:0a:b7:00:1d:bc (Air5(ID-1DBC))","SamsungElect_dd:c6:25 (A14 de Walter)","ATT","22","Rcvd Handle Value Notification, Handle: 0x0014 (Unknown: Unknown)"
"3172","787.246394","81:0a:b7:00:1d:bc (Air5(ID-1DBC))","SamsungElect_dd:c6:25 (A14 de Walter)","ATT","32","Rcvd Handle Value Notification, Handle: 0x0014 (Unknown: Unknown)"
"3173","787.336658","81:0a:b7:00:1d:bc (Air5(ID-1DBC))","SamsungElect_dd:c6:25 (A14 de Walter)","ATT","32","Rcvd Handle Value Notification, Handle: 0x0014 (Unknown: Unknown)"
"3174","787.426527","81:0a:b7:00:1d:bc (Air5(ID-1DBC))","SamsungElect_dd:c6:25 (A14 de Walter)","ATT","32","Rcvd Handle Value Notification, Handle: 0x0014 (Unknown: Unknown)"
"3175","787.516578","81:0a:b7:00:1d:bc (Air5(ID-1DBC))","SamsungElect_dd:c6:25 (A14 de Walter)","ATT","32","Rcvd Handle Value Notification, Handle: 0x0014 (Unknown: Unknown)"
"3176","787.654050","81:0a:b7:00:1d:bc (Air5(ID-1DBC))","SamsungElect_dd:c6:25 (A14 de Walter)","ATT","32","Rcvd Handle Value Notification, Handle: 0x0014 (Unknown: Unknown)"
"3177","787.696409","81:0a:b7:00:1d:bc (Air5(ID-1DBC))","SamsungElect_dd:c6:25 (A14 de Walter)","ATT","32","Rcvd Handle Value Notification, Handle: 0x0014 (Unknown: Unknown)"
"3178","787.786469","81:0a:b7:00:1d:bc (Air5(ID-1DBC))","SamsungElect_dd:c6:25 (A14 de Walter)","ATT","32","Rcvd Handle Value Notification, Handle: 0x0014 (Unknown: Unknown)"
"3179","787.921521","81:0a:b7:00:1d:bc (Air5(ID-1DBC))","SamsungElect_dd:c6:25 (A14 de Walter)","ATT","32","Rcvd Handle Value Notification, Handle: 0x0014 (Unknown: Unknown)"
"3180","788.011507","81:0a:b7:00:1d:bc (Air5(ID-1DBC))","SamsungElect_dd:c6:25 (A14 de Walter)","ATT","32","Rcvd Handle Value Notification, Handle: 0x0014 (Unknown: Unknown)"
"3181","788.101910","81:0a:b7:00:1d:bc (Air5(ID-1DBC))","SamsungElect_dd:c6:25 (A14 de Walter)","ATT","32","Rcvd Handle Value Notification, Handle: 0x0014 (Unknown: Unknown)"
"3182","788.191516","81:0a:b7:00:1d:bc (Air5(ID-1DBC))","SamsungElect_dd:c6:25 (A14 de Walter)","ATT","32","Rcvd Handle Value Notification, Handle: 0x0014 (Unknown: Unknown)"
"3183","788.281525","81:0a:b7:00:1d:bc (Air5(ID-1DBC))","SamsungElect_dd:c6:25 (A14 de Walter)","ATT","32","Rcvd Handle Value Notification, Handle: 0x0014 (Unknown: Unknown)"
"3184","788.371443","81:0a:b7:00:1d:bc (Air5(ID-1DBC))","SamsungElect_dd:c6:25 (A14 de Walter)","ATT","32","Rcvd Handle Value Notification, Handle: 0x0014 (Unknown: Unknown)"
"3185","788.461356","81:0a:b7:00:1d:bc (Air5(ID-1DBC))","SamsungElect_dd:c6:25 (A14 de Walter)","ATT","32","Rcvd Handle Value Notification, Handle: 0x0014 (Unknown: Unknown)"
"3186","788.596387","81:0a:b7:00:1d:bc (Air5(ID-1DBC))","SamsungElect_dd:c6:25 (A14 de Walter)","ATT","32","Rcvd Handle Value Notification, Handle: 0x0014 (Unknown: Unknown)"
"3187","788.641500","81:0a:b7:00:1d:bc (Air5(ID-1DBC))","SamsungElect_dd:c6:25 (A14 de Walter)","ATT","32","Rcvd Handle Value Notification, Handle: 0x0014 (Unknown: Unknown)"
"3188","788.731542","81:0a:b7:00:1d:bc (Air5(ID-1DBC))","SamsungElect_dd:c6:25 (A14 de Walter)","ATT","32","Rcvd Handle Value Notification, Handle: 0x0014 (Unknown: Unknown)"
"3189","788.821354","81:0a:b7:00:1d:bc (Air5(ID-1DBC))","SamsungElect_dd:c6:25 (A14 de Walter)","ATT","32","Rcvd Handle Value Notification, Handle: 0x0014 (Unknown: Unknown)"
"3190","788.911636","81:0a:b7:00:1d:bc (Air5(ID-1DBC))","SamsungElect_dd:c6:25 (A14 de Walter)","ATT","32","Rcvd Handle Value Notification, Handle: 0x0014 (Unknown: Unknown)"
"3191","789.001639","81:0a:b7:00:1d:bc (Air5(ID-1DBC))","SamsungElect_dd:c6:25 (A14 de Walter)","ATT","32","Rcvd Handle Value Notification, Handle: 0x0014 (Unknown: Unknown)"
"3192","789.091558","81:0a:b7:00:1d:bc (Air5(ID-1DBC))","SamsungElect_dd:c6:25 (A14 de Walter)","ATT","32","Rcvd Handle Value Notification, Handle: 0x0014 (Unknown: Unknown)"
"3193","789.226346","81:0a:b7:00:1d:bc (Air5(ID-1DBC))","SamsungElect_dd:c6:25 (A14 de Walter)","ATT","32","Rcvd Handle Value Notification, Handle: 0x0014 (Unknown: Unknown)"
"3197","789.316431","81:0a:b7:00:1d:bc (Air5(ID-1DBC))","SamsungElect_dd:c6:25 (A14 de Walter)","ATT","32","Rcvd Handle Value Notification, Handle: 0x0014 (Unknown: Unknown)"
"3198","789.406549","81:0a:b7:00:1d:bc (Air5(ID-1DBC))","SamsungElect_dd:c6:25 (A14 de Walter)","ATT","32","Rcvd Handle Value Notification, Handle: 0x0014 (Unknown: Unknown)"
"3199","789.497418","81:0a:b7:00:1d:bc (Air5(ID-1DBC))","SamsungElect_dd:c6:25 (A14 de Walter)","ATT","32","Rcvd Handle Value Notification, Handle: 0x0014 (Unknown: Unknown)"
"3200","789.586764","81:0a:b7:00:1d:bc (Air5(ID-1DBC))","SamsungElect_dd:c6:25 (A14 de Walter)","ATT","32","Rcvd Handle Value Notification, Handle: 0x0014 (Unknown: Unknown)"
"3201","789.676755","81:0a:b7:00:1d:bc (Air5(ID-1DBC))","SamsungElect_dd:c6:25 (A14 de Walter)","ATT","32","Rcvd Handle Value Notification, Handle: 0x0014 (Unknown: Unknown)"
"3202","789.766581","81:0a:b7:00:1d:bc (Air5(ID-1DBC))","SamsungElect_dd:c6:25 (A14 de Walter)","ATT","32","Rcvd Handle Value Notification, Handle: 0x0014 (Unknown: Unknown)"
"3203","789.903551","81:0a:b7:00:1d:bc (Air5(ID-1DBC))","SamsungElect_dd:c6:25 (A14 de Walter)","ATT","32","Rcvd Handle Value Notification, Handle: 0x0014 (Unknown: Unknown)"
"3204","789.991533","81:0a:b7:00:1d:bc (Air5(ID-1DBC))","SamsungElect_dd:c6:25 (A14 de Walter)","ATT","32","Rcvd Handle Value Notification, Handle: 0x0014 (Unknown: Unknown)"
"3205","790.081396","81:0a:b7:00:1d:bc (Air5(ID-1DBC))","SamsungElect_dd:c6:25 (A14 de Walter)","ATT","32","Rcvd Handle Value Notification, Handle: 0x0014 (Unknown: Unknown)"
"3206","790.171493","81:0a:b7:00:1d:bc (Air5(ID-1DBC))","SamsungElect_dd:c6:25 (A14 de Walter)","ATT","32","Rcvd Handle Value Notification, Handle: 0x0014 (Unknown: Unknown)"
"3207","790.261642","81:0a:b7:00:1d:bc (Air5(ID-1DBC))","SamsungElect_dd:c6:25 (A14 de Walter)","ATT","32","Rcvd Handle Value Notification, Handle: 0x0014 (Unknown: Unknown)"
"3208","790.352019","81:0a:b7:00:1d:bc (Air5(ID-1DBC))","SamsungElect_dd:c6:25 (A14 de Walter)","ATT","32","Rcvd Handle Value Notification, Handle: 0x0014 (Unknown: Unknown)"
"3209","790.441914","81:0a:b7:00:1d:bc (Air5(ID-1DBC))","SamsungElect_dd:c6:25 (A14 de Walter)","ATT","32","Rcvd Handle Value Notification, Handle: 0x0014 (Unknown: Unknown)"
"3210","790.531424","81:0a:b7:00:1d:bc (Air5(ID-1DBC))","SamsungElect_dd:c6:25 (A14 de Walter)","ATT","32","Rcvd Handle Value Notification, Handle: 0x0014 (Unknown: Unknown)"
"3211","790.621776","81:0a:b7:00:1d:bc (Air5(ID-1DBC))","SamsungElect_dd:c6:25 (A14 de Walter)","ATT","32","Rcvd Handle Value Notification, Handle: 0x0014 (Unknown: Unknown)"
"3212","790.666441","81:0a:b7:00:1d:bc (Air5(ID-1DBC))","SamsungElect_dd:c6:25 (A14 de Walter)","ATT","32","Rcvd Handle Value Notification, Handle: 0x0014 (Unknown: Unknown)"
"3213","790.756390","81:0a:b7:00:1d:bc (Air5(ID-1DBC))","SamsungElect_dd:c6:25 (A14 de Walter)","ATT","32","Rcvd Handle Value Notification, Handle: 0x0014 (Unknown: Unknown)"
"3214","790.801410","81:0a:b7:00:1d:bc (Air5(ID-1DBC))","SamsungElect_dd:c6:25 (A14 de Walter)","ATT","32","Rcvd Handle Value Notification, Handle: 0x0014 (Unknown: Unknown)"
"3215","790.936522","81:0a:b7:00:1d:bc (Air5(ID-1DBC))","SamsungElect_dd:c6:25 (A14 de Walter)","ATT","32","Rcvd Handle Value Notification, Handle: 0x0014 (Unknown: Unknown)"
"3216","790.937306","81:0a:b7:00:1d:bc (Air5(ID-1DBC))","SamsungElect_dd:c6:25 (A14 de Walter)","ATT","32","Rcvd Handle Value Notification, Handle: 0x0014 (Unknown: Unknown)"
"3217","791.026315","81:0a:b7:00:1d:bc (Air5(ID-1DBC))","SamsungElect_dd:c6:25 (A14 de Walter)","ATT","16","Rcvd Handle Value Notification, Handle: 0x0014 (Unknown: Unknown)"
"3221","791.522048","81:0a:b7:00:1d:bc (Air5(ID-1DBC))","SamsungElect_dd:c6:25 (A14 de Walter)","ATT","17","Rcvd Handle Value Notification, Handle: 0x0014 (Unknown: Unknown)"
"3225","791.926356","81:0a:b7:00:1d:bc (Air5(ID-1DBC))","SamsungElect_dd:c6:25 (A14 de Walter)","ATT","19","Rcvd Handle Value Notification, Handle: 0x0014 (Unknown: Unknown)"
"3229","792.017149","81:0a:b7:00:1d:bc (Air5(ID-1DBC))","SamsungElect_dd:c6:25 (A14 de Walter)","ATT","14","Rcvd Handle Value Notification, Handle: 0x0014 (Unknown: Unknown)"
"3233","792.107232","81:0a:b7:00:1d:bc (Air5(ID-1DBC))","SamsungElect_dd:c6:25 (A14 de Walter)","ATT","19","Rcvd Handle Value Notification, Handle: 0x0014 (Unknown: Unknown)"
"3237","792.197063","81:0a:b7:00:1d:bc (Air5(ID-1DBC))","SamsungElect_dd:c6:25 (A14 de Walter)","ATT","19","Rcvd Handle Value Notification, Handle: 0x0014 (Unknown: Unknown)"
"3241","792.286910","81:0a:b7:00:1d:bc (Air5(ID-1DBC))","SamsungElect_dd:c6:25 (A14 de Walter)","ATT","17","Rcvd Handle Value Notification, Handle: 0x0014 (Unknown: Unknown)"
"3245","792.377171","81:0a:b7:00:1d:bc (Air5(ID-1DBC))","SamsungElect_dd:c6:25 (A14 de Walter)","ATT","15","Rcvd Handle Value Notification, Handle: 0x0014 (Unknown: Unknown)"
"3249","792.467802","81:0a:b7:00:1d:bc (Air5(ID-1DBC))","SamsungElect_dd:c6:25 (A14 de Walter)","ATT","19","Rcvd Handle Value Notification, Handle: 0x0014 (Unknown: Unknown)"
"3253","792.557257","81:0a:b7:00:1d:bc (Air5(ID-1DBC))","SamsungElect_dd:c6:25 (A14 de Walter)","ATT","15","Rcvd Handle Value Notification, Handle: 0x0014 (Unknown: Unknown)"
"3257","792.646887","81:0a:b7:00:1d:bc (Air5(ID-1DBC))","SamsungElect_dd:c6:25 (A14 de Walter)","ATT","14","Rcvd Handle Value Notification, Handle: 0x0014 (Unknown: Unknown)"
"3261","792.738421","81:0a:b7:00:1d:bc (Air5(ID-1DBC))","SamsungElect_dd:c6:25 (A14 de Walter)","ATT","14","Rcvd Handle Value Notification, Handle: 0x0014 (Unknown: Unknown)"
"3265","792.826944","81:0a:b7:00:1d:bc (Air5(ID-1DBC))","SamsungElect_dd:c6:25 (A14 de Walter)","ATT","32","Rcvd Handle Value Notification, Handle: 0x0014 (Unknown: Unknown)"
"3268","792.961295","81:0a:b7:00:1d:bc (Air5(ID-1DBC))","SamsungElect_dd:c6:25 (A14 de Walter)","ATT","16","Rcvd Handle Value Notification, Handle: 0x001a (Unknown: Unknown)"
"3271","793.051313","81:0a:b7:00:1d:bc (Air5(ID-1DBC))","SamsungElect_dd:c6:25 (A14 de Walter)","ATT","16","Rcvd Handle Value Notification, Handle: 0x001a (Unknown: Unknown)"
"3274","793.231476","81:0a:b7:00:1d:bc (Air5(ID-1DBC))","SamsungElect_dd:c6:25 (A14 de Walter)","ATT","16","Rcvd Handle Value Notification, Handle: 0x001a (Unknown: Unknown)"
"3277","793.456396","81:0a:b7:00:1d:bc (Air5(ID-1DBC))","SamsungElect_dd:c6:25 (A14 de Walter)","ATT","16","Rcvd Handle Value Notification, Handle: 0x001a (Unknown: Unknown)"
"3280","793.546308","81:0a:b7:00:1d:bc (Air5(ID-1DBC))","SamsungElect_dd:c6:25 (A14 de Walter)","ATT","16","Rcvd Handle Value Notification, Handle: 0x001a (Unknown: Unknown)"
"3283","793.636847","81:0a:b7:00:1d:bc (Air5(ID-1DBC))","SamsungElect_dd:c6:25 (A14 de Walter)","ATT","14","Rcvd Handle Value Notification, Handle: 0x001a (Unknown: Unknown)"
"3287","793.726895","81:0a:b7:00:1d:bc (Air5(ID-1DBC))","SamsungElect_dd:c6:25 (A14 de Walter)","ATT","15","Rcvd Handle Value Notification, Handle: 0x001a (Unknown: Unknown)"
"3290","793.863385","81:0a:b7:00:1d:bc (Air5(ID-1DBC))","SamsungElect_dd:c6:25 (A14 de Walter)","ATT","256","Rcvd Handle Value Notification, Handle: 0x001a (Unknown: Unknown)"
"3291","793.907220","81:0a:b7:00:1d:bc (Air5(ID-1DBC))","SamsungElect_dd:c6:25 (A14 de Walter)","ATT","115","Rcvd Handle Value Notification, Handle: 0x001a (Unknown: Unknown)"
"3292","793.951443","81:0a:b7:00:1d:bc (Air5(ID-1DBC))","SamsungElect_dd:c6:25 (A14 de Walter)","ATT","21","Rcvd Handle Value Notification, Handle: 0x001a (Unknown: Unknown)"
"3302","807.362198","81:0a:b7:00:1d:bc (Air5(ID-1DBC))","SamsungElect_dd:c6:25 (A14 de Walter)","ATT","14","Rcvd Handle Value Notification, Handle: 0x0014 (Unknown: Unknown)"
"3309","808.306496","81:0a:b7:00:1d:bc (Air5(ID-1DBC))","SamsungElect_dd:c6:25 (A14 de Walter)","ATT","14","Rcvd Handle Value Notification, Handle: 0x0014 (Unknown: Unknown)"
"3312","808.936689","81:0a:b7:00:1d:bc (Air5(ID-1DBC))","SamsungElect_dd:c6:25 (A14 de Walter)","ATT","14","Rcvd Handle Value Notification, Handle: 0x0014 (Unknown: Unknown)"
"3323","822.481670","81:0a:b7:00:1d:bc (Air5(ID-1DBC))","SamsungElect_dd:c6:25 (A14 de Walter)","ATT","16","Rcvd Handle Value Notification, Handle: 0x0014 (Unknown: Unknown)"
"3327","823.426574","81:0a:b7:00:1d:bc (Air5(ID-1DBC))","SamsungElect_dd:c6:25 (A14 de Walter)","ATT","16","Rcvd Handle Value Notification, Handle: 0x0014 (Unknown: Unknown)"
"3328","824.371669","81:0a:b7:00:1d:bc (Air5(ID-1DBC))","SamsungElect_dd:c6:25 (A14 de Walter)","ATT","16","Rcvd Handle Value Notification, Handle: 0x0014 (Unknown: Unknown)"
"3329","825.316656","81:0a:b7:00:1d:bc (Air5(ID-1DBC))","SamsungElect_dd:c6:25 (A14 de Walter)","ATT","16","Rcvd Handle Value Notification, Handle: 0x0014 (Unknown: Unknown)"
"3330","826.265239","81:0a:b7:00:1d:bc (Air5(ID-1DBC))","SamsungElect_dd:c6:25 (A14 de Walter)","ATT","16","Rcvd Handle Value Notification, Handle: 0x0014 (Unknown: Unknown)"
"3331","827.206507","81:0a:b7:00:1d:bc (Air5(ID-1DBC))","SamsungElect_dd:c6:25 (A14 de Walter)","ATT","16","Rcvd Handle Value Notification, Handle: 0x0014 (Unknown: Unknown)"
"3332","828.467353","81:0a:b7:00:1d:bc (Air5(ID-1DBC))","SamsungElect_dd:c6:25 (A14 de Walter)","ATT","16","Rcvd Handle Value Notification, Handle: 0x0014 (Unknown: Unknown)"
"3333","829.412524","81:0a:b7:00:1d:bc (Air5(ID-1DBC))","SamsungElect_dd:c6:25 (A14 de Walter)","ATT","16","Rcvd Handle Value Notification, Handle: 0x0014 (Unknown: Unknown)"
"3334","830.357444","81:0a:b7:00:1d:bc (Air5(ID-1DBC))","SamsungElect_dd:c6:25 (A14 de Walter)","ATT","16","Rcvd Handle Value Notification, Handle: 0x0014 (Unknown: Unknown)"
"3335","831.302529","81:0a:b7:00:1d:bc (Air5(ID-1DBC))","SamsungElect_dd:c6:25 (A14 de Walter)","ATT","16","Rcvd Handle Value Notification, Handle: 0x0014 (Unknown: Unknown)"
"3336","832.246609","81:0a:b7:00:1d:bc (Air5(ID-1DBC))","SamsungElect_dd:c6:25 (A14 de Walter)","ATT","16","Rcvd Handle Value Notification, Handle: 0x0014 (Unknown: Unknown)"
"3363","833.191682","81:0a:b7:00:1d:bc (Air5(ID-1DBC))","SamsungElect_dd:c6:25 (A14 de Walter)","ATT","16","Rcvd Handle Value Notification, Handle: 0x0014 (Unknown: Unknown)"
"3399","834.451778","81:0a:b7:00:1d:bc (Air5(ID-1DBC))","SamsungElect_dd:c6:25 (A14 de Walter)","ATT","16","Rcvd Handle Value Notification, Handle: 0x0014 (Unknown: Unknown)"
"3406","835.396628","81:0a:b7:00:1d:bc (Air5(ID-1DBC))","SamsungElect_dd:c6:25 (A14 de Walter)","ATT","16","Rcvd Handle Value Notification, Handle: 0x0014 (Unknown: Unknown)"
"3407","836.341833","81:0a:b7:00:1d:bc (Air5(ID-1DBC))","SamsungElect_dd:c6:25 (A14 de Walter)","ATT","16","Rcvd Handle Value Notification, Handle: 0x0014 (Unknown: Unknown)"
"3408","837.286782","81:0a:b7:00:1d:bc (Air5(ID-1DBC))","SamsungElect_dd:c6:25 (A14 de Walter)","ATT","16","Rcvd Handle Value Notification, Handle: 0x0014 (Unknown: Unknown)"
"3409","838.231857","81:0a:b7:00:1d:bc (Air5(ID-1DBC))","SamsungElect_dd:c6:25 (A14 de Walter)","ATT","16","Rcvd Handle Value Notification, Handle: 0x0014 (Unknown: Unknown)"
"3410","839.491833","81:0a:b7:00:1d:bc (Air5(ID-1DBC))","SamsungElect_dd:c6:25 (A14 de Walter)","ATT","16","Rcvd Handle Value Notification, Handle: 0x0014 (Unknown: Unknown)"
"3411","841.066828","81:0a:b7:00:1d:bc (Air5(ID-1DBC))","SamsungElect_dd:c6:25 (A14 de Walter)","ATT","21","Rcvd Handle Value Notification, Handle: 0x0014 (Unknown: Unknown)"
"3412","841.098798","81:0a:b7:00:1d:bc (Air5(ID-1DBC))","SamsungElect_dd:c6:25 (A14 de Walter)","ATT","16","Rcvd Handle Value Notification, Handle: 0x0014 (Unknown: Unknown)"
"3413","841.381863","81:0a:b7:00:1d:bc (Air5(ID-1DBC))","SamsungElect_dd:c6:25 (A14 de Walter)","ATT","16","Rcvd Handle Value Notification, Handle: 0x0014 (Unknown: Unknown)"
"3414","842.326908","81:0a:b7:00:1d:bc (Air5(ID-1DBC))","SamsungElect_dd:c6:25 (A14 de Walter)","ATT","16","Rcvd Handle Value Notification, Handle: 0x0014 (Unknown: Unknown)"
"3415","843.272764","81:0a:b7:00:1d:bc (Air5(ID-1DBC))","SamsungElect_dd:c6:25 (A14 de Walter)","ATT","16","Rcvd Handle Value Notification, Handle: 0x0014 (Unknown: Unknown)"
"3416","844.216991","81:0a:b7:00:1d:bc (Air5(ID-1DBC))","SamsungElect_dd:c6:25 (A14 de Walter)","ATT","16","Rcvd Handle Value Notification, Handle: 0x0014 (Unknown: Unknown)"
"3417","845.476852","81:0a:b7:00:1d:bc (Air5(ID-1DBC))","SamsungElect_dd:c6:25 (A14 de Walter)","ATT","16","Rcvd Handle Value Notification, Handle: 0x0014 (Unknown: Unknown)"
"3418","846.422733","81:0a:b7:00:1d:bc (Air5(ID-1DBC))","SamsungElect_dd:c6:25 (A14 de Walter)","ATT","16","Rcvd Handle Value Notification, Handle: 0x0014 (Unknown: Unknown)"
